Number,Number1,Number2,Zip,Number3,Number4,Number5,Number6,Latitude,Longitude,mn_earn_wne_male1_p6,count_nwne_p8,count_wne_p8,mn_earn_wne_p8,md_earn_wne_p8,HI_INC_WDRAW_4YR_TRANS_YR4_RT
100654,100200,1002,35762,0,1,1,3,34.7834,-86.5685,27000,221,1491,30300,27000,0.106918239
100663,105200,1052,35294-0110,0,1,1,3,33.5022,-86.8092,41100,387,3121,42100,37200,0.045364892
100690,2503400,25034,36117-3553,0,1,1,3,32.3626,-86.174,44400,43,170,39300,35300,0
100706,105500,1055,35899,0,1,1,3,34.7228,-86.6384,42100,151,1224,45800,41500,PrivacySuppressed
100724,100500,1005,36104-0271,0,1,1,3,32.3643,-86.2957,21100,274,1732,26400,22400,PrivacySuppressed
100751,105100,1051,35487-0166,0,1,1,3,33.2144,-87.5458,40000,318,3326,44700,39200,0.056746532
100760,100700,1007,35010,0,1,1,2,32.9244,-85.9465,30400,168,729,28000,24100,PrivacySuppressed
100812,100800,1008,35611,0,1,1,3,34.8056,-86.9651,43200,112,874,38200,36800,PrivacySuppressed
100830,831000,8310,36117-3596,0,1,1,3,32.3699,-86.1774,33300,179,1220,35300,32400,0.087336245
100858,100900,1009,36849,0,1,1,3,32.6002,-85.4924,43900,345,3804,47100,41800,0.039452496
100937,101200,1012,35254,0,1,1,3,33.5155,-86.8536,32000,27,257,41500,38200,0.094339623
101028,1218200,12182,36869,0,1,1,2,32.4239,-85.0315,27500,193,751,26900,23600,PrivacySuppressed
101073,1055400,10554,36701,0,1,1,3,32.4223,-87.0242,21100,75,328,22800,19100,PrivacySuppressed
101116,1303906,13039,36116,0,0,16,2,32.3427,-86.2165,43800,264,1420,33700,28400,PrivacySuppressed
101143,101500,1015,36330-1300,0,1,1,2,31.2975,-85.837,38400,180,773,32600,26100,PrivacySuppressed
101161,106000,1060,36507-2698,0,1,1,2,30.852,-87.7798,30300,265,1357,29500,26300,PrivacySuppressed
101189,100300,1003,36109-3378,0,1,1,3,32.3842,-86.2164,40300,176,1164,39200,35300,0.163265306
101240,101700,1017,35903,0,1,1,2,33.9919,-85.9913,27900,606,2332,26800,23400,NULL
101277,4187200,41872,35951,0,1,1,1,34.2593,-86.2,NULL,NULL,NULL,NULL,NULL,NULL
101286,101800,1018,36303-9234,0,1,1,2,31.3161,-85.4636,26800,368,1506,27500,23500,0
101295,787100,7871,35077-2000,0,1,1,2,34.0734,-86.7817,32800,445,1880,30200,27600,0.067901235
101301,569900,5699,36703-2808,0,1,1,2,32.4456,-87.0132,26600,228,796,25900,21200,NULL
101365,962107,9621,35209,0,0,11,1,33.4681,-86.8323,38300,63,462,39100,37900,PrivacySuppressed
101435,101900,1019,36106-2148,0,1,1,3,32.3509,-86.2853,34100,43,284,36100,33000,0.103448276
101453,2199700,21997,35630-9977,0,1,1,3,34.8591,-87.6621,PrivacySuppressed,10,24,PrivacySuppressed,PrivacySuppressed,NULL
101462,526000,5260,35811,0,1,1,1,34.7721,-86.5738,23900,112,473,23500,19600,NULL
101480,102000,1020,36265,0,1,1,3,33.8221,-85.7666,32300,306,2276,33400,31300,0.085043988
101499,102100,1021,36426,0,1,1,2,31.102,-87.0858,26100,146,651,26700,22400,0
101505,102200,1022,35215-3098,0,1,1,2,33.6524,-86.7074,31700,371,1863,29500,27100,0.078703704
101514,101300,1013,35671,0,1,1,2,34.6543,-86.9491,31000,588,2585,29600,25600,0.135964912
101541,102300,1023,36756,0,1,1,3,32.6305,-87.3161,PrivacySuppressed,37,115,28400,25300,PrivacySuppressed
101569,105900,1059,35221-1717,0,1,1,1,33.4517,-86.8902,23700,528,1996,25300,22000,NULL
101587,102400,1024,35470,0,1,1,3,32.5924,-88.1861,34100,67,621,34400,32200,PrivacySuppressed
101602,898800,8988,36420-1418,0,1,1,1,31.3229,-86.4523,28500,217,865,28100,23700,NULL
101648,102600,1026,36756-3207,0,1,1,2,32.6224,-87.318,PrivacySuppressed,6,83,39300,37900,PrivacySuppressed
101675,102800,1028,35064-2621,0,1,1,3,33.4813,-86.9086,22200,146,809,24500,21700,PrivacySuppressed
101693,102900,1029,36613-2842,0,1,1,3,30.7932,-88.1289,31500,80,650,36800,32900,PrivacySuppressed
101709,100400,1004,35115-6000,0,1,1,3,33.1063,-86.8651,27600,96,747,31700,30400,PrivacySuppressed
101736,569700,5697,35661,0,1,1,2,34.7396,-87.6773,30300,474,1757,27200,22900,PrivacySuppressed
101879,101600,1016,35632-0001,0,1,1,3,34.8066,-87.681,33200,207,1377,35600,33000,0.037671233
101897,103100,1031,35986,0,1,1,2,34.5455,-85.9117,29600,206,890,28500,25000,0
101912,103300,1033,35896,0,1,1,3,34.7566,-86.6616,28400,65,430,32300,27300,PrivacySuppressed
101949,103400,1034,36460,0,1,1,2,31.4889,-87.3264,29400,165,582,25900,19500,0
101958,2296000,22960,36117,0,1,3,2,32.3831,-86.1622,PrivacySuppressed,14,40,PrivacySuppressed,PrivacySuppressed,0
101994,569200,5692,36401,0,1,1,1,31.4607,-86.9645,28800,177,460,23200,18200,NULL
102030,103000,1030,36603-5898,0,1,1,2,30.694,-88.057,26500,536,2140,23700,19200,NULL
102049,103600,1036,35229-2240,0,1,1,3,33.4646,-86.7909,44500,76,653,48900,41400,0.058035714
102058,4067300,40673,36701,0,1,1,3,32.4204,-87.0338,PrivacySuppressed,NULL,NULL,NULL,NULL,0
102067,569100,5691,35405-8522,0,1,1,2,33.1205,-87.5615,27400,421,1895,25700,22400,0
102076,103800,1038,35957-0734,0,1,1,2,34.2007,-86.1695,29200,176,654,27300,25000,0
102094,105700,1057,36688-0002,0,1,1,3,30.6951,-88.1819,39800,413,2802,39900,34400,PrivacySuppressed
102234,104100,1041,36608-1791,0,1,1,3,30.6948,-88.1382,38700,33,379,40000,37500,0.078125
102261,2270400,22704,35224-2083,0,1,1,3,33.3789,-86.749,PrivacySuppressed,20,98,30800,27200,PrivacySuppressed
102270,104400,1044,35403,0,1,1,3,33.1992,-87.5852,30100,79,457,26300,23200,PrivacySuppressed
102298,104600,1046,35160,0,1,1,3,33.4343,-86.1137,17200,25,138,21100,19600,PrivacySuppressed
102313,573400,5734,36108-3199,0,1,1,1,32.3501,-86.3431,27300,204,810,26200,22300,0
102368,104700,1047,36082-0001,0,1,4,3,31.8001,-85.9502,38800,602,3752,36900,33800,PrivacySuppressed
10236801,104703,1047,368694419,0,0,4,0,NULL,NULL,38800,602,3752,36900,33800,PrivacySuppressed
10236802,104755,1047,361034419,0,0,4,0,NULL,NULL,38800,602,3752,36900,33800,PrivacySuppressed
10236803,104754,1047,363034419,0,0,4,0,NULL,NULL,38800,602,3752,36900,33800,PrivacySuppressed
10236808,104700,1047,360825327,0,1,4,0,NULL,NULL,38800,602,3752,36900,33800,PrivacySuppressed
10236809,104700,1047,360825327,0,1,4,0,NULL,NULL,NULL,NULL,NULL,NULL,NULL,PrivacySuppressed
102377,105000,1050,36088-1920,0,1,1,3,32.431,-85.7103,31400,81,721,37100,30800,PrivacySuppressed
102395,2170600,21706,36526-7055,0,1,1,3,30.6393,-87.9116,PrivacySuppressed,PrivacySuppressed,PrivacySuppressed,PrivacySuppressed,PrivacySuppressed,PrivacySuppressed
102429,573300,5733,35501,0,1,1,2,33.8358,-87.265,30100,530,1783,28000,24700,PrivacySuppressed
102553,1146200,11462,99508,0,1,2,3,61.1896,-149.8261,48700,502,2443,44800,39800,0.042145594
102580,884300,8843,99645,0,1,1,1,62.113,-145.5262,NULL,NULL,NULL,NULL,NULL,NULL
102614,106300,1063,99775-7500,0,1,1,3,64.8571,-147.8248,42000,244,1170,39000,34300,0.063241107
102632,106500,1065,99801-8697,0,1,1,3,58.3843,-134.6363,35200,82,382,37000,35800,PrivacySuppressed
102669,106100,1061,99508,0,1,1,3,61.1912,-149.8042,42100,27,150,41100,38000,PrivacySuppressed
102711,3160300,31603,99664-0889,0,1,1,1,60.1107,-149.4446,PrivacySuppressed,34,166,39000,28900,0
102845,2576900,25769,99508,0,1,1,1,61.1958,-149.8402,46500,69,308,40700,34100,PrivacySuppressed
103361,1146205,11462,99686-0097,0,0,2,2,61.1224,-146.178,48700,502,2443,44800,39800,0.042145594
103501,2541000,25410,99507-1033,0,1,1,1,61.1814,-149.857,30900,99,299,28000,27000,0
103644,2295000,22950,85021-1641,0,1,2,2,33.581,-112.1138,26800,169,611,28700,27600,PrivacySuppressed
103723,2160305,21603,85040,0,0,4,3,33.4033,-111.9865,23900,601,2441,27800,24100,PrivacySuppressed
103732,2173204,21732,85032,0,0,11,1,33.6026,-111.9764,PrivacySuppressed,30,102,22700,18800,0
103741,966403,9664,85716,0,0,14,1,32.2357,-110.9272,PrivacySuppressed,88,323,20100,17300,0
103778,107000,1070,85306-6000,0,1,2,1,33.6209,-112.1809,PrivacySuppressed,21,107,126800,110900,0
10377801,107002,1070,331667601,0,0,2,0,NULL,NULL,NULL,NULL,NULL,NULL,NULL,0
103787,2199900,21999,85021,0,1,1,3,33.5777,-112.0922,PrivacySuppressed,15,28,PrivacySuppressed,PrivacySuppressed,0
103811,2317800,23178,85043-4729,0,1,1,1,33.4423,-112.1753,29900,349,888,33300,31200,0
103893,2100600,21006,85051-4063,0,1,6,1,33.5608,-112.1155,29000,854,2888,25100,23800,PrivacySuppressed
103909,2100611,21006,85210,0,0,6,1,33.393,-111.8553,29000,854,2888,25100,23800,PrivacySuppressed
103927,2100607,21006,85705-5885,0,0,6,1,32.2709,-110.978,29000,854,2888,25100,23800,PrivacySuppressed
103945,3120300,31203,86004,0,1,3,2,35.2112,-111.6048,26800,31,133,21700,21300,0
103954,886400,8864,85712,0,1,1,1,32.2373,-110.8723,PrivacySuppressed,29,104,19500,16000,PrivacySuppressed
103963,1084700,10847,85301-3579,0,1,1,1,33.5372,-112.1573,27900,222,916,31200,30100,0
104090,2218800,22188,85021,0,1,4,1,33.5254,-112.1501,23400,644,1841,21900,20600,PrivacySuppressed
104151,108100,1081,85287,0,1,5,3,33.4219,-111.94,43700,1444,11691,46000,41200,PrivacySuppressed
104160,107100,1071,85365-8834,0,1,1,1,32.6893,-114.496,27200,341,1671,28600,25400,PrivacySuppressed
104179,108300,1083,85721-0066,0,1,1,3,32.2321,-110.9508,43100,703,5942,46400,40000,PrivacySuppressed
104188,2491500,24915,85716,0,1,2,3,32.2524,-110.9273,26800,95,323,30200,26600,PrivacySuppressed
104294,2561900,25619,85254,0,1,1,1,33.624,-111.9255,PrivacySuppressed,46,163,22300,20700,0
104346,728300,7283,85128-9030,0,1,1,2,32.9571,-111.6525,31300,287,988,29100,25600,PrivacySuppressed
104364,4051325,40513,85712,0,0,33,2,32.2367,-110.8951,29900,69,353,30500,28200,PrivacySuppressed
104391,2280500,22805,86403,0,1,1,1,34.4753,-114.3281,PrivacySuppressed,25,63,16400,12900,0
104425,107200,1072,85607-6190,0,1,1,2,31.3658,-109.6904,33000,420,1283,31600,25300,PrivacySuppressed
104434,1054207,10542,86004,0,0,14,1,35.1972,-111.6259,PrivacySuppressed,87,298,21300,16700,0
104443,1054208,10542,85224,0,0,14,1,33.3476,-111.8604,PrivacySuppressed,87,298,21300,16700,0
104504,2582700,25827,85710,0,1,1,1,32.219,-110.8568,PrivacySuppressed,44,147,24000,18000,0
104568,1085800,10858,85210,0,1,3,1,33.3766,-111.8583,PrivacySuppressed,36,126,20700,16500,0
104577,107300,1073,85552-0769,0,1,1,1,32.8407,-109.7617,30200,255,683,30900,26700,NULL
104586,147902,1479,86301-3720,0,0,2,3,34.6157,-112.4523,50900,226,2940,59200,53800,PrivacySuppressed
104665,2533200,25332,85261-4430,0,1,1,3,33.6072,-111.8465,NULL,NULL,NULL,NULL,NULL,0
104708,107600,1076,85302,0,1,1,1,33.5675,-112.1883,32300,815,3527,34300,31300,0.110619469
104717,107400,1074,85017,0,1,1,3,33.5122,-112.1299,53600,77,654,51300,46200,PrivacySuppressed
104805,2263100,22631,85014,0,1,6,2,33.4943,-112.0502,31000,1167,4897,27600,25200,PrivacySuppressed
104911,1218400,12184,85202-4887,0,1,1,1,33.393,-111.8627,PrivacySuppressed,37,112,22100,16900,0
105118,2071200,20712,85029,0,1,1,1,33.6082,-112.1189,31400,157,556,27800,26600,PrivacySuppressed
105145,830300,8303,85034,0,1,2,1,33.4495,-111.9965,35300,603,1947,33200,29700,PrivacySuppressed
105154,107700,1077,85202,0,1,1,1,33.3913,-111.8715,34200,1059,4596,35900,31800,PrivacySuppressed
105163,732990,7329,85704-5829,0,0,141,2,32.2973,-110.9975,35900,574,3762,38800,35100,PrivacySuppressed
105172,732911,7329,85282,0,0,141,2,33.3804,-111.9692,35900,574,3762,38800,35100,PrivacySuppressed
105206,1186400,11864,86409-1238,0,1,1,1,35.2707,-114.0302,27000,221,597,30700,26700,PrivacySuppressed
105215,2100500,21005,85027,0,1,3,1,33.6844,-112.1213,31900,1003,5002,35000,32700,PrivacySuppressed
105297,824600,8246,86556,0,1,1,2,36.3276,-109.2947,18000,266,783,22300,19100,0
105330,108200,1082,86011-4132,0,1,1,3,35.1801,-111.6577,38000,490,3954,38900,36200,0.042613636
105349,1186200,11862,86025-0610,0,1,1,1,34.9222,-110.1316,29300,215,617,25500,21200,0
105367,193701,1937,85021,0,0,5,3,33.5779,-112.1134,44900,157,1215,42300,37700,PrivacySuppressed
105428,107800,1078,85013,0,1,1,1,33.4814,-112.0883,28500,619,2475,32100,29200,PrivacySuppressed
105482,2623800,26238,85257,0,1,1,1,33.4666,-111.9084,PrivacySuppressed,69,248,25100,21700,PrivacySuppressed
105516,2098800,20988,85282-2371,0,1,71,3,33.4123,-111.9802,53300,12806,85102,52900,46200,0.045862474
105525,726600,7266,85709-1275,0,1,1,1,32.2268,-110.9852,29600,1466,5626,31100,27500,PrivacySuppressed
105534,2217100,22171,85716,0,1,11,1,32.2504,-110.9213,36900,1464,5375,27500,26100,PrivacySuppressed
105543,2217103,22171,87110,0,0,11,1,35.1055,-106.5947,36900,1464,5375,27500,26100,PrivacySuppressed
105589,2065300,20653,86301,0,1,1,3,34.5445,-112.4765,28600,70,345,30600,30800,PrivacySuppressed
105659,1168900,11689,85034-1816,0,1,1,1,33.4487,-111.9894,PrivacySuppressed,120,567,41200,38400,PrivacySuppressed
105668,2177500,21775,85281,0,1,1,1,33.4131,-111.9752,41600,348,1190,38100,35100,PrivacySuppressed
105677,2113800,21138,85007,0,1,1,1,33.4547,-112.0864,PrivacySuppressed,9,53,25500,23700,0
105701,3005000,30050,85546,0,1,1,1,32.8353,-109.7277,PrivacySuppressed,29,44,PrivacySuppressed,PrivacySuppressed,NULL
105747,830400,8304,85256,0,1,1,2,33.5095,-111.8873,33700,381,1670,36800,33200,0.156862745
105792,2146600,21466,85042,0,1,1,2,33.381,-112.0575,28700,263,1024,29500,26600,PrivacySuppressed
105899,711300,7113,85032-7097,0,1,1,3,33.5951,-112.0262,PrivacySuppressed,14,102,32200,29300,PrivacySuppressed
105987,446700,4467,85711,0,1,1,1,32.2218,-110.8835,21700,160,431,21400,21700,0
106041,822100,8221,85323,0,1,5,2,33.4535,-112.2897,35900,1090,10484,41300,39000,PrivacySuppressed
106102,2171500,21715,85282,0,1,1,3,33.6007,-112.1184,47200,173,1024,49600,43600,PrivacySuppressed
106111,945915,9459,85051,0,0,16,1,33.5381,-112.1182,PrivacySuppressed,52,187,19700,18500,0
106148,107900,1079,86301,0,1,1,1,34.5475,-112.4542,30200,362,992,29500,25400,PrivacySuppressed
106245,110100,1101,72204,0,1,1,3,34.7266,-92.3418,34200,432,2414,34600,31600,PrivacySuppressed
106263,110900,1109,72205-7199,0,1,1,3,34.7497,-92.3209,81000,35,560,67000,55600,PrivacySuppressed
106281,3065100,30651,71923,0,1,1,1,34.1223,-93.0816,PrivacySuppressed,13,35,PrivacySuppressed,PrivacySuppressed,PrivacySuppressed
106306,108700,1087,72202-6068,1,1,1,3,34.7348,-92.2906,PrivacySuppressed,40,143,21700,18600,PrivacySuppressed
106315,3005100,30051,72209,0,1,1,1,34.6691,-92.3348,PrivacySuppressed,12,54,15800,13800,NULL
106324,3997300,39973,72801,0,1,1,1,35.2786,-93.1352,PrivacySuppressed,NULL,NULL,NULL,NULL,0
106342,108800,1088,72501,0,1,1,3,35.7789,-91.6281,31600,24,166,37200,35500,PrivacySuppressed
106351,3023400,30234,72114,0,1,2,1,34.7536,-92.2663,PrivacySuppressed,24,53,13500,11900,NULL
10635101,3023401,30234,72204,0,0,2,0,NULL,NULL,PrivacySuppressed,24,53,13500,11900,NULL
106360,2363500,23635,72901-3342,0,1,1,1,35.38,-94.411,PrivacySuppressed,26,82,15300,13600,NULL
106397,110800,1108,72701,0,1,1,3,36.0615,-94.1782,43200,291,2762,43700,39200,PrivacySuppressed
106412,108600,1086,71601,0,1,1,3,34.2422,-92.0213,23500,169,1048,27100,23700,PrivacySuppressed
106449,109100,1091,72012-1000,0,1,1,1,35.0745,-91.8962,34000,221,917,30100,27100,PrivacySuppressed
106458,109000,1090,72401,0,1,2,3,35.8428,-90.6805,32400,704,4120,32300,29100,PrivacySuppressed
106467,108900,1089,72801-2222,0,1,1,3,35.2952,-93.1323,33400,368,2284,33700,30600,0.038869258
106485,108500,1085,71656,0,1,1,1,33.5898,-91.813,32700,230,1242,30500,27600,PrivacySuppressed
106494,2538500,25385,72076,0,1,2,1,34.8918,-92.1023,PrivacySuppressed,56,160,15700,13100,PrivacySuppressed
106546,3105200,31052,72210-2820,0,1,1,1,34.7131,-92.4069,PrivacySuppressed,26,325,43400,41300,PrivacySuppressed
106625,2052200,20522,72455,0,1,1,1,36.2398,-90.951,26600,179,765,27000,23700,PrivacySuppressed
106704,109200,1092,72035-0001,0,1,1,3,35.0782,-92.4593,33900,342,2713,36300,33300,0.081510934
106713,109300,1093,72034,0,1,1,3,35.0846,-92.4441,36800,24,157,36300,31200,PrivacySuppressed
106795,2220900,22209,71832,0,1,1,1,34.0434,-94.3673,23800,95,343,24300,20800,NULL
106810,109500,1095,72450,0,1,1,2,36.0662,-90.5848,PrivacySuppressed,11,92,28400,26200,PrivacySuppressed
106829,704400,7044,72335-0925,0,1,1,1,35.0419,-90.7678,23900,68,223,19900,16700,NULL
106883,1226000,12260,72335-2204,0,1,1,1,35.0397,-90.7674,26100,148,672,22800,18500,0
106892,2272400,22724,72205,0,1,2,1,34.7511,-92.3412,PrivacySuppressed,180,648,18600,18000,PrivacySuppressed
106908,3124900,31249,72117,0,1,1,1,34.7913,-92.2213,PrivacySuppressed,PrivacySuppressed,PrivacySuppressed,PrivacySuppressed,PrivacySuppressed,0
106980,1210500,12105,71913,0,1,1,2,34.5127,-93.1171,24000,241,948,25600,22000,PrivacySuppressed
106999,2073500,20735,72503-3350,0,1,1,1,35.7929,-91.6161,31500,173,610,27100,24400,PrivacySuppressed
107044,109700,1097,72143,0,1,2,3,35.2496,-91.729,36300,168,1248,38600,35500,PrivacySuppressed
10704401,109702,1097,381175499,0,0,2,0,NULL,NULL,36300,168,1248,38600,35500,PrivacySuppressed
107071,109800,1098,71999-0001,0,1,1,3,34.1278,-93.0603,32500,127,1039,34100,32300,0.071428571
107080,109900,1099,72032-3080,0,1,1,3,35.0997,-92.442,34300,27,273,39300,36100,PrivacySuppressed
107099,3007100,30071,71901,0,1,1,1,34.4963,-93.0384,PrivacySuppressed,22,55,13200,9600,NULL
107123,2330800,23308,71603,1,1,1,1,34.1878,-92.018,PrivacySuppressed,4,46,PrivacySuppressed,PrivacySuppressed,0
107141,110000,1100,72761,0,1,1,3,36.1911,-94.5591,48600,77,644,49600,43100,PrivacySuppressed
107211,2525800,25258,72114-3800,0,1,1,1,34.782,-92.2967,PrivacySuppressed,16,31,PrivacySuppressed,PrivacySuppressed,0
107220,2341700,23417,72764-7128,0,1,4,1,36.1676,-94.1318,PrivacySuppressed,23,53,19300,17000,PrivacySuppressed
10722001,2341702,23417,727614217,0,0,4,0,NULL,NULL,PrivacySuppressed,23,53,19300,17000,PrivacySuppressed
10722002,2341701,23417,727562102,0,0,4,0,NULL,NULL,PrivacySuppressed,23,53,19300,17000,PrivacySuppressed
10722003,2341703,23417,727014217,0,0,4,0,NULL,NULL,NULL,NULL,NULL,NULL,NULL,NULL
107275,2287400,22874,72653-3164,0,1,1,1,36.3447,-92.386,PrivacySuppressed,8,21,PrivacySuppressed,PrivacySuppressed,NULL
107293,1074100,10741,72901,0,1,1,1,35.3809,-94.4163,PrivacySuppressed,18,39,PrivacySuppressed,PrivacySuppressed,0
107318,2348200,23482,72301-3829,0,1,1,1,35.1457,-90.2229,23400,105,477,22600,20000,NULL
107327,1286000,12860,72316-1109,0,1,1,1,35.8974,-89.9225,30800,257,971,26300,22700,0
107363,3254300,32543,71655,0,1,1,1,33.6292,-91.7887,PrivacySuppressed,24,51,15700,12100,NULL
107442,2284200,22842,72114-4973,0,1,1,1,34.7591,-92.2541,PrivacySuppressed,32,60,16200,14000,NULL
107460,1226100,12261,72601-5508,0,1,1,1,36.2205,-93.0873,26600,219,886,26300,24000,PrivacySuppressed
107488,2073700,20737,72764,0,1,1,1,36.1786,-94.1164,25200,63,162,26800,24100,NULL
107512,110200,1102,71998-0001,0,1,1,3,34.125,-93.0524,34100,51,396,36100,34600,PrivacySuppressed
107521,997600,9976,72104-0816,0,1,1,1,34.3787,-92.8214,28100,94,360,27300,24700,PrivacySuppressed
107549,2087000,20870,72556-0010,0,1,1,1,36.053,-91.8964,28500,131,445,24400,20400,PrivacySuppressed
107558,109400,1094,72830,0,1,1,3,35.4778,-93.4679,30000,28,212,36000,33300,PrivacySuppressed
107585,524500,5245,72110,0,1,1,2,35.1721,-92.7285,32300,162,802,27100,25000,PrivacySuppressed
107600,110300,1103,72202-3799,0,1,1,3,34.7367,-92.2824,22800,70,306,26000,23400,PrivacySuppressed
107619,110400,1104,72342-0785,0,1,1,2,34.545,-90.6177,23400,202,669,23100,18900,0
107637,570700,5707,71603,0,1,1,1,34.2098,-92.0247,26900,201,786,26200,22400,PrivacySuppressed
107655,2202400,22024,71730-4009,0,1,1,1,33.2151,-92.6631,PrivacySuppressed,20,43,PrivacySuppressed,PrivacySuppressed,PrivacySuppressed
107664,2075300,20753,72118-3347,0,1,1,2,34.7824,-92.2997,27900,501,2105,28700,25500,PrivacySuppressed
107725,573200,5732,71801,0,1,1,1,33.6479,-93.5845,30300,112,554,25600,21100,PrivacySuppressed
107743,2111100,21111,71953,0,1,1,1,34.5908,-94.2197,24500,138,426,22900,19600,0
107789,792100,7921,72703,0,1,1,1,36.0787,-94.1565,PrivacySuppressed,9,40,PrivacySuppressed,PrivacySuppressed,0
107831,2569600,25696,72143,0,1,1,1,35.2377,-91.7345,PrivacySuppressed,22,70,16100,11300,NULL
107840,110500,1105,72114,0,1,1,2,NULL,NULL,NULL,NULL,NULL,NULL,NULL,NULL
107877,110600,1106,72476,0,1,1,3,36.1268,-90.9399,31200,25,238,30200,28400,PrivacySuppressed
107974,2074600,20746,71731-7010,0,1,1,1,33.2094,-92.6661,33100,75,442,29100,25300,PrivacySuppressed
107983,110700,1107,71753,0,1,1,3,33.2912,-93.2351,30500,129,861,33300,31700,PrivacySuppressed
107992,773800,7738,71701-1906,0,1,1,1,33.6039,-92.839,31900,76,270,27700,24100,PrivacySuppressed
108065,3214300,32143,72202-5452,0,1,1,1,34.7357,-92.2898,PrivacySuppressed,PrivacySuppressed,PrivacySuppressed,PrivacySuppressed,PrivacySuppressed,NULL
108092,111000,1110,72913-3649,0,1,1,3,35.3853,-94.3741,31800,366,1787,31400,28400,0.074257426
108232,753100,7531,94105,0,1,1,3,37.7877,-122.4007,34400,436,1678,41400,34200,0.050062578
108250,732971,7329,95670-6034,0,0,141,2,38.5917,-121.2815,35900,574,3762,38800,35100,PrivacySuppressed
108269,3288300,32883,94612,0,1,1,4,37.8067,-122.2727,PrivacySuppressed,PrivacySuppressed,PrivacySuppressed,PrivacySuppressed,PrivacySuppressed,NULL
108348,2342400,23424,92647,0,1,1,1,33.7289,-117.9877,27500,46,215,27800,24800,0
108649,2258600,22586,94501,0,1,1,1,37.7642,-122.2436,PrivacySuppressed,30,72,22000,16700,0
108667,672000,6720,94501,0,1,1,2,37.7824,-122.2793,27400,220,644,32800,29000,PrivacySuppressed
108807,111100,1111,93454-6399,0,1,1,2,34.943,-120.4215,29200,277,987,30800,26800,0
108852,746501,7465,90028,0,0,2,2,34.0953,-118.3441,PrivacySuppressed,18,107,33600,26100,PrivacySuppressed
108861,112000,1120,94704-3029,0,1,1,4,37.8653,-122.2561,NULL,NULL,NULL,NULL,NULL,NULL
108870,2222000,22220,90027-1625,0,1,1,4,34.1085,-118.31,PrivacySuppressed,PrivacySuppressed,PrivacySuppressed,PrivacySuppressed,PrivacySuppressed,0
108977,1307400,13074,91790,1,1,1,1,33.8844,-118.125,PrivacySuppressed,14,23,PrivacySuppressed,PrivacySuppressed,NULL
109040,2241800,22418,90004,0,1,3,1,34.0792,-118.2923,33500,615,2793,32200,29400,PrivacySuppressed
109086,2099200,20992,94108-5834,0,1,1,1,37.7873,-122.4049,PrivacySuppressed,PrivacySuppressed,PrivacySuppressed,PrivacySuppressed,PrivacySuppressed,NULL
109208,123200,1232,95841-4286,0,1,1,1,38.6497,-121.346,29000,1133,2996,32300,26700,PrivacySuppressed
109332,1112100,11121,94541,0,1,1,1,37.6754,-122.0848,29400,559,1907,23800,20900,0
109350,111300,1113,93536-5426,0,1,1,2,34.6762,-118.1862,28900,599,1612,30300,25200,PrivacySuppressed
109651,111600,1116,91103,0,1,1,3,34.1708,-118.1869,48900,117,520,52800,48400,PrivacySuppressed
109721,902200,9022,90017-1604,0,1,1,1,34.056,-118.2724,24500,237,681,25600,22700,NULL
109730,2553500,25535,92101,0,1,1,1,32.7157,-117.1582,PrivacySuppressed,125,233,18900,15400,NULL
109785,111700,1117,91702-7000,0,1,1,3,34.1309,-117.888,46900,213,2087,49200,45800,0.039270687
109819,111800,1118,93305-1299,0,1,1,1,35.4108,-118.9735,32800,759,3003,30100,24900,PrivacySuppressed
109907,111900,1119,92311,0,1,1,2,34.8715,-117.0252,34400,296,875,30900,27600,PrivacySuppressed
109934,705000,7050,91950,0,1,1,1,32.6768,-117.0902,PrivacySuppressed,56,167,19800,17400,0
110060,3266300,32663,92801,0,1,1,3,33.8423,-117.9413,PrivacySuppressed,9,16,PrivacySuppressed,PrivacySuppressed,NULL
110097,112200,1122,90639-0001,0,1,1,3,33.9048,-118.0173,41500,167,1043,43000,37600,0.026066351
110185,112300,1123,93101,0,1,1,3,34.4186,-119.696,28300,269,1259,31600,26500,PrivacySuppressed
110194,2543400,25434,92805,0,1,1,1,33.819,-117.9064,PrivacySuppressed,24,83,47700,46800,0
110219,716400,7164,90010,0,1,1,2,34.0614,-118.3029,PrivacySuppressed,24,95,36400,35300,PrivacySuppressed
110246,807300,8073,95965-8399,0,1,1,1,39.6491,-121.6447,28700,788,2382,31500,26300,PrivacySuppressed
110307,2237200,22372,91311,0,1,1,4,34.2427,-118.5677,NULL,NULL,NULL,NULL,NULL,NULL
110316,1215400,12154,94103,0,1,1,3,37.7748,-122.4165,PrivacySuppressed,6,26,PrivacySuppressed,PrivacySuppressed,0
110334,112400,1124,95003,0,1,1,2,36.9891,-121.9279,30400,360,1255,36000,29600,PrivacySuppressed
110361,112500,1125,92504-3297,0,1,1,3,33.9286,-117.4259,42900,139,905,41500,36600,0.051490515
110370,112700,1127,94107-2247,0,1,1,3,37.8357,-122.2514,36700,100,421,36700,30900,PrivacySuppressed
110398,394700,3947,94102-4978,0,1,1,4,37.7807,-122.4154,107800,32,299,111000,98200,NULL
110404,113100,1131,91125,0,1,1,3,34.1393,-118.1257,PrivacySuppressed,14,100,72200,60100,0
110413,113300,1133,91360-2787,0,1,1,3,34.2256,-118.8795,40600,59,649,48100,44300,PrivacySuppressed
110422,114300,1143,93407,0,1,1,3,35.2989,-120.6586,53100,261,3017,60000,55400,0.010288066
110468,1111700,11117,92131-1799,0,1,6,3,32.8971,-117.0944,60400,63,405,55100,50700,0
11046801,1111707,11117,937271360,0,0,6,0,NULL,NULL,60400,63,405,55100,50700,0
11046802,1111705,11117,918031360,0,0,6,0,NULL,NULL,60400,63,405,55100,50700,0
11046803,1111706,11117,941331221,0,0,6,0,NULL,NULL,60400,63,405,55100,50700,0
11046804,1111704,11117,926061221,0,0,6,0,NULL,NULL,60400,63,405,55100,50700,0
11046805,1111710,11117,958331221,0,0,6,0,NULL,NULL,60400,63,405,55100,50700,0
110486,799300,7993,93311-1099,0,1,1,3,35.35,-119.1047,43000,291,1925,43800,42300,0.041666667
110495,115700,1157,95382-0299,0,1,1,3,37.5258,-120.8525,37500,254,1888,40100,38500,PrivacySuppressed
110510,114200,1142,92407-2397,0,1,1,3,34.183,-117.3225,38200,552,3762,42300,40600,0.021212121
110529,114400,1144,91768,0,1,1,3,34.0543,-117.819,42700,433,3946,48100,45000,PrivacySuppressed
110538,114600,1146,95929-0150,0,1,1,3,39.728,-121.8463,40200,414,3594,45900,41100,0.01849711
110547,114100,1141,90747-0005,0,1,1,3,33.8652,-118.2593,37800,324,2641,42500,39100,PrivacySuppressed
110556,114700,1147,93740,0,1,1,3,36.8145,-119.7483,39900,537,4757,40700,38100,PrivacySuppressed
110565,113700,1137,92831-3599,0,1,1,3,33.8836,-117.8853,39800,795,6364,43800,40500,PrivacySuppressed
110574,113800,1138,94542,0,1,1,3,37.6571,-122.0581,44200,329,2361,48400,45800,0.025761124
110583,113900,1139,90840-0115,0,1,1,3,33.7828,-118.1123,39800,680,5955,45300,42400,PrivacySuppressed
110592,114000,1140,90032,0,1,1,3,34.0669,-118.169,38800,591,4511,42200,39400,PrivacySuppressed
110608,115300,1153,91330,0,1,1,3,34.2367,-118.5268,37900,968,7257,41900,38300,PrivacySuppressed
110617,115000,1150,95819-2694,0,1,1,3,38.5575,-121.4219,42200,772,5864,45200,42700,0.020833333
110635,131200,1312,94720,0,1,1,3,37.8715,-122.2604,59000,692,4340,62500,53000,PrivacySuppressed
110644,131300,1313,95616-8678,0,1,1,3,38.5399,-121.752,44900,635,5144,54800,48500,PrivacySuppressed
110653,131400,1314,92697,0,1,1,3,33.667,-117.7686,42700,471,3936,52000,47100,PrivacySuppressed
110662,131500,1315,90095-1405,0,1,1,3,34.0689,-118.4439,51200,693,5287,60000,51000,PrivacySuppressed
110671,131600,1316,92521,0,1,1,3,33.9759,-117.3311,37300,479,3984,43800,41100,PrivacySuppressed
110680,131700,1317,92093,0,1,1,3,32.8766,-117.2378,45200,517,4204,56800,50100,PrivacySuppressed
110699,131900,1319,94143-0244,0,1,1,4,37.7627,-122.458,98500,12,422,130600,123700,0
110705,132000,1320,93106,0,1,1,3,34.4155,-119.8481,40300,428,3995,50300,45600,PrivacySuppressed
110714,132100,1321,95064-1011,0,1,1,3,36.9973,-122.068,34900,383,2819,42200,37800,PrivacySuppressed
110778,2267600,22676,94303,0,1,1,4,37.4303,-122.1087,NULL,NULL,NULL,NULL,NULL,NULL
110875,2065700,20657,95354,0,1,1,1,37.6452,-120.9969,PrivacySuppressed,16,43,PrivacySuppressed,PrivacySuppressed,PrivacySuppressed
110918,884400,8844,93703-3599,0,1,1,3,36.7676,-119.7328,PrivacySuppressed,8,18,PrivacySuppressed,PrivacySuppressed,0
110945,2110800,21108,92111-1009,0,1,3,2,32.7702,-117.1338,36900,36,189,48300,49900,PrivacySuppressed
111009,2220200,22202,94103,0,1,1,1,37.7654,-122.4026,34000,437,2135,37800,32800,PrivacySuppressed
111054,1186500,11865,91941-5055,0,1,1,1,32.7652,-117.0243,PrivacySuppressed,50,139,20200,15900,0
111081,113200,1132,91355-2397,0,1,1,3,34.3933,-118.5673,34800,57,343,42200,28600,PrivacySuppressed
111188,113400,1134,94590,0,1,1,3,38.0691,-122.2316,PrivacySuppressed,16,219,77100,74300,PrivacySuppressed
111391,1310300,13103,92101-3046,0,1,1,4,32.7219,-117.1626,78000,22,184,86300,73500,NULL
111434,697300,6973,94061-1099,0,1,1,2,37.4474,-122.2655,33200,73,264,33200,27200,0
111461,890300,8903,91355-1899,0,1,1,2,34.4031,-118.5695,33400,156,748,41000,32200,0.1375
111513,2125000,21250,92845,0,1,1,1,33.781,-118.0317,PrivacySuppressed,67,165,22100,15500,PrivacySuppressed
111638,673100,6731,91405,0,1,2,1,34.1954,-118.4483,46600,42,258,48300,45300,PrivacySuppressed
11163801,673101,6731,902503327,0,0,2,0,NULL,NULL,46600,42,258,48300,45300,PrivacySuppressed
111708,2332809,23328,92102,0,0,17,1,32.7117,-117.1225,25300,848,2562,24000,20500,0
111717,2332800,23328,95110,0,1,17,1,37.3227,-121.887,25300,848,2562,24000,20500,0
111726,2332810,23328,92243,0,0,17,1,32.7909,-115.5491,25300,848,2562,24000,20500,0
111744,2332814,23328,92408,0,0,17,1,34.0751,-117.2687,25300,848,2562,24000,20500,0
111762,2332819,23328,95076,0,0,17,1,36.9318,-121.768,25300,848,2562,24000,20500,0
111771,2332808,23328,95020,0,0,17,1,37.0157,-121.5614,25300,848,2562,24000,20500,0
111799,2332813,23328,93901,0,0,17,1,36.6716,-121.6528,25300,848,2562,24000,20500,0
111887,116100,1161,90650-6298,0,1,1,2,33.8858,-118.0973,30800,755,3576,31000,26800,PrivacySuppressed
111896,1011100,10111,93555-9571,0,1,1,2,35.5678,-117.6677,31600,299,585,31100,24800,PrivacySuppressed
111920,116200,1162,94545,0,1,1,2,37.6425,-122.107,32600,474,1396,35800,31100,PrivacySuppressed
111939,116300,1163,91737-3002,0,1,1,2,34.1471,-117.5731,27900,670,2413,31900,26300,PrivacySuppressed
111948,116400,1164,92866,0,1,1,3,33.7937,-117.8515,47600,363,3037,49800,48000,0.062318841
111966,1036500,10365,90059,0,1,1,2,33.9257,-118.2428,73400,37,159,68800,69300,0
112075,2070500,20705,92612-3203,0,1,1,3,33.6535,-117.8106,40100,75,494,41500,38000,0.087179487
112084,1203100,12031,92019-1157,0,1,1,3,32.8,-116.9031,35900,37,217,34600,31000,PrivacySuppressed
112127,116500,1165,94709-1211,0,1,1,4,37.8762,-122.2614,NULL,NULL,NULL,NULL,NULL,NULL
112172,116600,1166,91741-1899,0,1,1,2,34.1355,-117.8853,26400,494,1800,30500,26300,PrivacySuppressed
112181,2178700,21787,95610-1410,0,1,1,1,NULL,NULL,NULL,NULL,NULL,NULL,NULL,NULL
112190,450200,4502,94112-1898,0,1,1,1,37.726,-122.4512,29800,1081,3366,36000,30100,PrivacySuppressed
112251,116900,1169,91711-6160,0,1,1,4,34.1038,-117.7124,PrivacySuppressed,18,95,58800,59400,NULL
112260,117000,1170,91711-6400,0,1,1,3,34.1023,-117.7066,66600,18,157,70800,55600,PrivacySuppressed
112288,2497300,24973,93277,0,1,2,1,36.2841,-119.3134,25900,442,1299,24300,22300,PrivacySuppressed
112367,2309500,23095,93611,0,1,1,1,36.8369,-119.6902,PrivacySuppressed,32,134,34600,33200,NULL
112385,2063500,20635,92708-2597,0,1,1,2,33.6098,-117.8618,36900,146,366,36700,30400,PrivacySuppressed
112394,117700,1177,94089,0,1,1,3,37.407,-122.0242,PrivacySuppressed,17,82,59700,49000,PrivacySuppressed
112446,729600,7296,92123-1506,0,1,1,2,32.822,-117.1365,41400,114,545,42500,40200,0
112455,3577300,35773,92866,0,1,1,1,33.7883,-117.8535,PrivacySuppressed,17,47,PrivacySuppressed,PrivacySuppressed,0
112525,2482700,24827,91766-1854,0,1,1,4,34.0581,-117.7477,PrivacySuppressed,4,156,130400,110400,0
112561,770700,7707,95370,0,1,1,2,38.0304,-120.3876,26700,149,354,27700,22700,NULL
112570,2110200,21102,91356-1411,0,1,1,3,34.1796,-118.5384,PrivacySuppressed,19,85,35200,32900,PrivacySuppressed
112686,119701,1197,90221-5393,0,0,2,2,33.8767,-118.2092,29200,522,2325,31700,27200,PrivacySuppressed
112826,119000,1190,94806-3195,0,1,1,2,37.9686,-122.3424,28100,334,878,33400,26800,PrivacySuppressed
113096,753600,7536,95823-5799,0,1,1,2,38.4538,-121.423,26900,550,1667,29100,26200,PrivacySuppressed
113111,927200,9272,92339-1799,0,1,1,2,34.0385,-117.1008,35600,191,648,33700,26900,PrivacySuppressed
113193,119200,1192,93403-8106,0,1,1,2,35.3299,-120.7416,32400,273,1130,35600,31300,PrivacySuppressed
113218,2111300,21113,92019,0,1,1,2,32.7431,-116.941,29200,237,568,28100,22100,PrivacySuppressed
113236,119300,1193,90630-5897,0,1,1,2,33.8276,-118.0239,31600,473,1677,35700,30200,PrivacySuppressed
113333,448000,4480,95014,0,1,1,2,37.3192,-122.0454,32500,410,1561,40700,34900,PrivacySuppressed
113397,3467300,34673,92545,0,1,10,1,33.746,-116.9999,PrivacySuppressed,26,64,17300,13300,0
11339701,3467305,34673,90201,0,0,10,0,NULL,NULL,NULL,NULL,NULL,NULL,NULL,0
11339702,3467304,34673,91748,0,0,10,0,NULL,NULL,NULL,NULL,NULL,NULL,NULL,0
11339703,3467306,34673,90723,0,0,10,0,NULL,NULL,NULL,NULL,NULL,NULL,NULL,0
11339704,3467307,34673,92646,0,0,10,0,NULL,NULL,NULL,NULL,NULL,NULL,NULL,0
11339705,3467309,34673,84041,0,0,10,0,NULL,NULL,NULL,NULL,NULL,NULL,NULL,0
11339706,3467308,34673,84405,0,0,10,0,NULL,NULL,NULL,NULL,NULL,NULL,NULL,0
11339707,3467301,34673,92234,0,0,10,0,NULL,NULL,NULL,NULL,NULL,NULL,NULL,0
11339708,3467302,34673,92563,0,0,10,0,NULL,NULL,NULL,NULL,NULL,NULL,NULL,0
11339709,3467303,34673,94559,0,0,10,0,NULL,NULL,NULL,NULL,NULL,NULL,NULL,0
113449,3964400,39644,92260-2740,0,1,1,1,33.7296,-116.4039,PrivacySuppressed,NULL,NULL,NULL,NULL,NULL
113537,3025600,30256,95525-0816,0,1,1,1,40.8809,-123.9889,PrivacySuppressed,PrivacySuppressed,PrivacySuppressed,PrivacySuppressed,PrivacySuppressed,0
113573,118200,1182,92260,0,1,1,2,33.7325,-116.3876,27900,278,1163,32000,27200,PrivacySuppressed
113582,2298000,22980,92121,0,1,1,3,32.731,-117.1498,PrivacySuppressed,60,211,33400,33300,PrivacySuppressed
113634,119100,1191,94523,0,1,1,1,37.968,-122.0699,34100,323,983,36400,31500,PrivacySuppressed
113698,119600,1196,94901-2298,0,1,1,3,37.98,-122.5147,47100,85,613,54600,48700,0.062893082
113704,129600,1296,94708-1816,0,1,1,4,37.8811,-122.2646,NULL,PrivacySuppressed,PrivacySuppressed,PrivacySuppressed,PrivacySuppressed,NULL
113856,2226000,22260,91754-6099,0,1,1,1,34.0392,-118.1484,28400,579,2806,31100,27300,PrivacySuppressed
113908,2086400,20864,95050,0,1,5,1,37.348,-121.9478,PrivacySuppressed,10,18,PrivacySuppressed,PrivacySuppressed,0
11390801,2086401,20864,93955,0,0,5,0,NULL,NULL,NULL,NULL,NULL,NULL,NULL,0
11390802,2086402,20864,94401,0,0,5,0,NULL,NULL,NULL,NULL,NULL,NULL,NULL,0
11390803,2086403,20864,94541,0,0,5,0,NULL,NULL,NULL,NULL,NULL,NULL,NULL,0
11390804,2086404,20864,94546,0,0,5,0,NULL,NULL,NULL,NULL,NULL,NULL,NULL,0
113980,119700,1197,90506,0,1,2,2,33.8856,-118.3266,29200,522,2325,31700,27200,PrivacySuppressed
114044,2091200,20912,90028-6106,0,1,1,1,34.0622,-118.3383,PrivacySuppressed,17,64,20900,16700,0
114071,1265000,12650,91502,0,1,2,1,34.1819,-118.3097,PrivacySuppressed,36,71,17100,13500,PrivacySuppressed
11407101,1265001,12650,935504,0,0,2,0,NULL,NULL,NULL,NULL,NULL,NULL,NULL,PrivacySuppressed
114080,2221300,22213,92553,0,1,2,1,33.916,-117.2281,PrivacySuppressed,26,58,19500,16900,PrivacySuppressed
11408001,2221303,22213,949013224,0,0,2,0,NULL,NULL,NULL,NULL,NULL,NULL,NULL,PrivacySuppressed
114114,2609000,26090,90403,0,1,1,4,34.0303,-118.4847,NULL,PrivacySuppressed,PrivacySuppressed,PrivacySuppressed,PrivacySuppressed,NULL
114123,903200,9032,95403-2126,0,1,1,1,38.4678,-122.7286,30000,103,368,29500,28700,PrivacySuppressed
114266,1245200,12452,95135-1598,0,1,1,2,37.3017,-121.7667,31500,293,1280,34800,29000,PrivacySuppressed
114354,1111200,11112,90015-1421,0,1,4,2,34.0442,-118.2599,33700,596,2669,36800,33400,PrivacySuppressed
114390,1111202,11112,94108-5805,0,0,4,2,37.7863,-122.4065,33700,596,2669,36800,33400,PrivacySuppressed
114415,1111203,11112,92614-5610,0,0,4,2,33.692,-117.8523,33700,596,2669,36800,33400,PrivacySuppressed
114433,859700,8597,95971-9124,0,1,1,2,39.9524,-120.9709,27300,84,226,27500,22600,PrivacySuppressed
114460,725300,7253,95834,0,1,1,1,38.6488,-121.4978,PrivacySuppressed,88,213,27900,23400,PrivacySuppressed
114549,2096100,20961,93105-3538,0,1,1,4,34.4344,-119.7139,PrivacySuppressed,NULL,NULL,NULL,NULL,NULL
114585,3131300,31313,95062,0,1,2,4,36.9641,-121.9985,PrivacySuppressed,PrivacySuppressed,PrivacySuppressed,PrivacySuppressed,PrivacySuppressed,NULL
11458501,3131301,31313,951282541,0,0,2,0,NULL,NULL,PrivacySuppressed,PrivacySuppressed,PrivacySuppressed,PrivacySuppressed,PrivacySuppressed,NULL
114628,1298500,12985,92867,0,1,1,1,33.8058,-117.8367,NULL,NULL,NULL,NULL,NULL,NULL
114716,119900,1199,94022,0,1,1,2,37.3611,-122.1283,46600,149,552,55200,43500,PrivacySuppressed
114734,1179200,11792,94709-1208,0,1,2,4,37.8771,-122.2609,NULL,NULL,NULL,NULL,NULL,NULL
11473401,1179201,11792,92057,0,0,2,0,NULL,NULL,NULL,NULL,NULL,NULL,NULL,NULL
114761,2230900,22309,95501,0,1,1,1,40.7988,-124.1658,PrivacySuppressed,16,48,PrivacySuppressed,PrivacySuppressed,0
114789,130700,1307,93741,0,1,1,2,36.7675,-119.7951,25500,1622,5431,27900,23400,PrivacySuppressed
114813,125300,1253,93702-4709,0,1,1,3,36.7253,-119.732,37800,88,629,38800,37600,PrivacySuppressed
114840,120000,1200,91182,0,1,1,4,34.1478,-118.1403,PrivacySuppressed,0,25,PrivacySuppressed,PrivacySuppressed,0
114859,120100,1201,92832-2095,0,1,1,2,33.8768,-117.917,31100,506,2015,31800,27800,PrivacySuppressed
114938,120200,1202,95020,0,1,1,2,36.9733,-121.5682,28300,154,481,31600,24700,PrivacySuppressed
114947,2231900,22319,92008,0,1,2,1,33.1313,-117.3188,34300,48,175,42000,38600,0
115001,120300,1203,91208-2894,0,1,1,2,34.1664,-118.2283,27700,678,2451,32400,27000,0
115010,2338500,23385,91203,0,1,2,1,34.1496,-118.2549,33900,338,1188,30300,26800,PrivacySuppressed
115083,120500,1205,94105-2968,0,1,4,3,37.7892,-122.3988,76200,37,233,70000,60200,0
11508303,120518,1205,900175418,0,0,4,0,NULL,NULL,76200,37,233,70000,60200,0
11508305,120522,1205,981012218,0,0,4,0,NULL,NULL,76200,37,233,70000,60200,0
11508306,120504,1205,950542218,0,0,4,0,NULL,NULL,76200,37,233,70000,60200,0
115126,120600,1206,92647-2710,0,1,1,1,33.7338,-118.003,27800,424,1555,33200,27400,PrivacySuppressed
115214,120700,1207,94709,0,1,1,4,37.8755,-122.2618,PrivacySuppressed,PrivacySuppressed,PrivacySuppressed,PrivacySuppressed,PrivacySuppressed,NULL
115296,120800,1208,92020-1799,0,1,1,2,32.8161,-117.0073,30200,466,1740,35000,29800,PrivacySuppressed
115357,2211000,22110,92405,0,1,1,1,34.136,-117.2876,PrivacySuppressed,24,41,PrivacySuppressed,PrivacySuppressed,0
115393,120900,1209,93901,0,1,1,2,36.6731,-121.6688,31200,222,1098,31400,26800,0
115409,117100,1171,91711,0,1,1,3,34.1061,-117.7106,PrivacySuppressed,8,104,76300,68300,PrivacySuppressed
115454,723411,7234,95670,0,0,12,2,38.5944,-121.2801,30700,160,607,31800,29800,PrivacySuppressed
115472,723412,7234,93704,0,0,12,2,36.8224,-119.7955,27400,203,736,26600,25300,0
115490,723405,7234,95035-8008,0,0,12,2,37.4109,-121.8939,35300,138,650,36400,33200,PrivacySuppressed
115515,723400,7234,94103,0,1,12,2,37.7819,-122.4043,34100,379,1695,34300,31400,PrivacySuppressed
115533,723404,7234,94520-0522,0,0,12,2,38.0189,-122.03,33700,212,673,34700,32600,PrivacySuppressed
115658,2285100,22851,94014,0,1,1,1,37.7055,-122.4617,PrivacySuppressed,50,114,22300,17400,NULL
115728,118300,1183,94619-1699,0,1,1,3,37.8027,-122.1872,37900,30,253,52900,45800,PrivacySuppressed
115746,3126800,31268,93013,0,1,1,4,34.4205,-119.5803,PrivacySuppressed,NULL,NULL,NULL,NULL,NULL
115755,114900,1149,95521-8299,0,1,1,3,40.8741,-124.0814,29300,373,2035,34200,30400,PrivacySuppressed
115773,121200,1212,95207-3896,0,1,2,3,38.0111,-121.3164,PrivacySuppressed,98,295,28100,23400,0
11577301,121203,1212,953560532,0,0,2,0,NULL,NULL,PrivacySuppressed,98,295,28100,23400,0
115861,121400,1214,92251-0158,0,1,1,2,32.8276,-115.5039,27000,454,1821,26200,20700,0
115931,2128300,21283,95051-1303,0,1,3,1,37.3686,-121.9695,32300,376,1141,33500,31100,PrivacySuppressed
116226,2520300,25203,92660,0,1,1,1,33.6414,-117.8657,PrivacySuppressed,35,81,38100,29500,0
116350,2255400,22554,90401,0,1,3,1,34.0175,-118.4949,PrivacySuppressed,15,44,PrivacySuppressed,PrivacySuppressed,0
11635001,2255401,22554,92626,0,0,3,0,NULL,NULL,PrivacySuppressed,15,44,PrivacySuppressed,PrivacySuppressed,0
116439,2539500,25395,92618-0301,0,1,2,1,33.6751,-117.7786,32100,220,652,35300,30000,PrivacySuppressed
11643901,2539501,25395,927820223,0,0,2,0,NULL,NULL,NULL,NULL,NULL,NULL,NULL,PrivacySuppressed
116466,732981,7329,91950,0,0,141,2,32.8071,-117.1197,35900,574,3762,38800,35100,PrivacySuppressed
116475,732985,7329,91773,0,0,141,2,34.1024,-117.8184,35900,574,3762,38800,35100,PrivacySuppressed
116484,732909,7329,92868,0,0,141,2,33.7812,-117.8963,35900,574,3762,38800,35100,PrivacySuppressed
116563,1202600,12026,92021,0,1,1,1,32.7948,-116.9457,PrivacySuppressed,82,262,24000,20300,0
116712,448400,4484,94523-4817,0,1,1,3,37.8818,-122.184,PrivacySuppressed,13,87,54200,44900,0
116846,274100,2741,90077-1519,0,1,1,3,34.1281,-118.4718,PrivacySuppressed,10,37,PrivacySuppressed,PrivacySuppressed,0
117052,130800,1308,93654,0,1,1,2,36.606,-119.4599,25000,755,2897,25800,21600,PrivacySuppressed
117104,2270600,22706,91773-3298,0,1,1,3,34.0894,-117.831,31300,35,183,28100,24900,PrivacySuppressed
117113,2179947,21799,92108-4423,0,0,28,3,32.7783,-117.1554,41900,205,1279,41400,36700,PrivacySuppressed
117140,121600,1216,91750-4401,0,1,1,3,34.1009,-117.7726,46400,163,1453,47900,45300,PrivacySuppressed
117168,2330500,23305,92651,0,1,1,3,33.5614,-117.7726,PrivacySuppressed,22,95,36300,26400,PrivacySuppressed
117195,1290700,12907,96150,0,1,1,2,38.9269,-119.9716,25600,69,185,26500,20900,0
117238,1301000,13010,93534,0,1,1,1,34.6956,-118.1487,PrivacySuppressed,73,173,19200,15100,0
117247,126600,1266,94607,0,1,1,2,37.7962,-122.2624,24400,508,1252,29100,23700,0
117274,121700,1217,96130,0,1,1,2,40.4313,-120.6312,27900,134,370,27900,22700,PrivacySuppressed
117520,2228500,22285,94545-2800,0,1,1,4,37.6376,-122.1163,NULL,NULL,NULL,NULL,NULL,NULL
117557,697500,6975,94612-2801,0,1,1,2,37.8048,-122.2697,PrivacySuppressed,PrivacySuppressed,PrivacySuppressed,PrivacySuppressed,PrivacySuppressed,0
117575,3332300,33323,92019-1108,0,1,1,3,32.8033,-116.9005,PrivacySuppressed,PrivacySuppressed,PrivacySuppressed,PrivacySuppressed,PrivacySuppressed,0
117627,121500,1215,92515-8247,0,1,1,3,33.9088,-117.4971,34000,67,532,45000,37300,PrivacySuppressed
117636,121800,1218,92350,0,1,1,3,34.0515,-117.2611,78000,62,770,84400,76200,PrivacySuppressed
117645,121900,1219,90808-1706,0,1,1,1,33.8317,-118.1358,26600,1554,4734,29400,24800,PrivacySuppressed
117672,122900,1229,90604,0,1,1,4,33.9246,-117.9854,PrivacySuppressed,PrivacySuppressed,PrivacySuppressed,PrivacySuppressed,PrivacySuppressed,PrivacySuppressed
117690,122400,1224,90744-2397,0,1,1,2,33.7842,-118.2819,31200,359,1363,33200,28400,0
117706,122600,1226,91371-0002,0,1,1,2,34.1842,-118.5772,29200,482,1633,34700,29900,PrivacySuppressed
117715,704700,7047,90047-4899,0,1,1,2,33.9296,-118.3047,26100,342,1170,26500,22800,0
117724,122700,1227,90015-4181,0,1,1,1,34.0326,-118.2691,30400,614,1905,28600,24200,NULL
117733,122800,1228,91401-4096,0,1,1,1,34.1764,-118.4214,28800,519,1891,33000,27200,0
117751,122000,1220,91321-1200,0,1,1,3,34.3821,-118.5174,42300,68,400,42500,35400,0.112244898
117788,122300,1223,90029,0,1,1,2,34.0873,-118.2922,25300,1007,2041,29200,23500,0
117803,616500,6165,90033-1084,0,1,1,2,34.0616,-118.2114,PrivacySuppressed,10,119,84400,85200,0
117867,1255000,12550,91342-3200,0,1,1,2,34.3149,-118.4191,29600,288,1140,29400,25100,0
117894,1034000,10340,94565,0,1,1,2,38.0056,-121.8611,35100,217,560,34300,29100,0
117928,2179943,21799,94102-4908,0,0,28,3,37.804,-122.4172,41900,205,1279,41400,36700,PrivacySuppressed
117946,1164900,11649,90045-2659,0,1,1,3,33.9706,-118.4157,49900,154,1450,58000,49600,PrivacySuppressed
117955,1186600,11866,93001-2729,0,1,1,1,34.278,-119.294,NULL,NULL,NULL,NULL,NULL,0
118116,1231600,12316,93726,0,1,1,1,36.7929,-119.7912,PrivacySuppressed,36,123,17200,13600,0
118125,1231700,12317,93274,0,1,1,1,36.2041,-119.3679,PrivacySuppressed,7,33,PrivacySuppressed,PrivacySuppressed,NULL
118143,714200,7142,93710,0,1,1,1,36.8363,-119.7737,PrivacySuppressed,78,219,15800,13300,NULL
118161,1324000,13240,95403,0,1,1,1,38.5086,-122.7585,PrivacySuppressed,25,72,20800,17100,0
118189,2546400,25464,95207-4349,0,1,1,1,38.0073,-121.3085,PrivacySuppressed,111,194,21900,20600,0
118198,1291200,12912,95841-9817,0,1,1,1,38.6614,-121.3426,32400,190,497,30500,29900,PrivacySuppressed
118259,2351900,23519,95821,0,1,2,1,38.6445,-121.3805,25500,209,492,26600,23400,0
118277,2091700,20917,92123,0,1,2,1,32.8217,-117.133,43400,219,1029,39000,34800,PrivacySuppressed
118286,2549000,25490,92083-7736,0,1,2,1,33.1724,-117.2208,29900,204,802,28800,27200,PrivacySuppressed
118347,117800,1178,94904-2590,0,1,1,2,37.955,-122.5499,29800,224,680,37200,30100,0
118356,747600,7476,90023,0,1,14,1,34.0275,-118.2199,21100,303,722,18600,15100,0
11835602,747609,7476,90602,0,0,14,0,NULL,NULL,21100,303,722,18600,15100,0
11835603,747604,7476,91335,0,0,14,0,NULL,NULL,21100,303,722,18600,15100,0
11835605,747608,7476,91764,0,0,14,0,NULL,NULL,21100,303,722,18600,15100,0
11835606,747611,7476,92126,0,0,14,0,NULL,NULL,21100,303,722,18600,15100,0
11835607,747607,7476,92410,0,0,14,0,NULL,NULL,21100,303,722,18600,15100,0
11835608,747606,7476,91790,0,0,14,0,NULL,NULL,21100,303,722,18600,15100,0
11835609,747602,7476,90048,0,0,14,0,NULL,NULL,21100,303,722,18600,15100,0
11835610,747603,7476,90301,0,0,14,0,NULL,NULL,21100,303,722,18600,15100,0
11835611,747612,7476,92020,0,0,14,0,NULL,NULL,NULL,NULL,NULL,NULL,NULL,0
11835612,747613,7476,92392,0,0,14,0,NULL,NULL,NULL,NULL,NULL,NULL,NULL,0
11835613,747614,7476,92801,0,0,14,0,NULL,NULL,NULL,NULL,NULL,NULL,NULL,0
11835614,747615,7476,93065,0,0,14,0,NULL,NULL,NULL,NULL,NULL,NULL,NULL,0
11835615,747610,7476,90717,0,0,14,0,NULL,NULL,NULL,NULL,NULL,NULL,NULL,0
118541,1047400,10474,90275-6299,0,1,1,2,33.7346,-118.3334,29900,50,209,34000,31800,PrivacySuppressed
118684,1167200,11672,95482,0,1,1,2,39.1912,-123.229,27000,218,492,25700,22400,PrivacySuppressed
118693,123600,1236,94027-4301,0,1,1,3,37.4529,-122.1814,37600,29,294,45900,41700,PrivacySuppressed
118718,123700,1237,95348-2898,0,1,1,2,37.3353,-120.4767,24100,614,1955,26200,22400,PrivacySuppressed
118772,126700,1267,94619-3196,0,1,1,2,37.7891,-122.1673,33600,286,685,35200,28300,0
118888,123800,1238,94613,0,1,1,3,37.7826,-122.1879,PrivacySuppressed,48,284,36900,32800,PrivacySuppressed
118912,123900,1239,92056-3899,0,1,1,1,33.1912,-117.3023,28500,186,642,29400,25500,0
118921,2338700,23387,94103,0,1,4,1,37.7795,-122.4104,PrivacySuppressed,28,125,27800,22200,0
11892101,2338701,23387,95926,0,0,4,0,NULL,NULL,NULL,NULL,NULL,NULL,NULL,0
11892102,2338702,23387,96001,0,0,4,0,NULL,NULL,NULL,NULL,NULL,NULL,NULL,0
11892103,2338703,23387,93711,0,0,4,0,NULL,NULL,NULL,NULL,NULL,NULL,NULL,0
118930,2119100,21191,95054-1897,0,1,1,2,37.3913,-121.9822,32900,204,659,36300,30100,0
118958,720400,7204,93030,0,1,1,1,34.1954,-119.1814,PrivacySuppressed,24,86,21100,17900,NULL
118967,2539100,25391,91606-3231,0,1,2,1,34.1827,-118.3961,41700,161,714,40400,34300,0
118976,124000,1240,95350-5800,0,1,1,2,37.652,-121.0097,26900,688,2475,30100,25000,PrivacySuppressed
118994,2185800,21858,94609-2419,0,1,1,1,37.8268,-122.2651,PrivacySuppressed,19,21,PrivacySuppressed,PrivacySuppressed,NULL
119058,369110,3691,93940,0,0,2,3,36.5998,-121.8968,55700,55,424,60900,49100,0
119067,124200,1242,93940-4799,0,1,1,2,36.5908,-121.8858,31300,179,498,37200,31300,0
119137,711500,7115,93021-1695,0,1,1,2,34.3,-118.8366,33000,132,647,37200,31500,PrivacySuppressed
119164,124500,1245,91789-1399,0,1,1,2,34.0438,-117.8437,31600,535,2525,34200,28200,PrivacySuppressed
119173,124300,1243,90049-1599,0,1,2,3,34.0821,-118.4805,63900,74,682,57200,50300,PrivacySuppressed
11917301,124301,1243,90007,0,0,2,0,NULL,NULL,63900,74,682,57200,50300,PrivacySuppressed
119216,124600,1246,92583-2399,0,1,1,2,33.8074,-116.9701,29800,562,1448,28700,23200,PrivacySuppressed
119234,3933300,39333,92108-3002,0,1,1,1,32.7639,-117.1643,PrivacySuppressed,PrivacySuppressed,PrivacySuppressed,PrivacySuppressed,PrivacySuppressed,0
119270,2161800,21618,90028,0,1,1,1,34.1015,-118.3377,26000,176,564,31800,24400,PrivacySuppressed
119331,124700,1247,94558-6236,0,1,1,2,38.2725,-122.2726,34700,142,614,40600,33000,0
119340,1102400,11024,94103-9946,0,1,1,1,37.7845,-122.4048,28100,415,1794,28400,26700,0
119359,1110900,11109,91335-4631,0,1,3,1,34.2008,-118.5267,26700,280,1097,28200,27300,0
119368,760600,7606,90010,0,1,1,1,34.0613,-118.2993,25300,282,1066,22600,20100,PrivacySuppressed
119438,1206100,12061,95128,0,1,1,1,37.3028,-121.9507,32500,304,1163,30400,29200,PrivacySuppressed
119456,1112300,11123,90247,0,1,2,1,33.8931,-118.2929,24600,427,1557,23900,22400,PrivacySuppressed
119465,809000,8090,91803,0,1,3,1,34.0802,-118.1487,26100,328,1233,24600,23600,0
119508,449400,4494,92408,0,1,1,1,34.0598,-117.2822,22600,438,1313,22500,19800,0
119544,2518400,25184,95127-3823,0,1,1,3,37.3591,-121.8159,32900,27,162,36100,30300,0
119553,2542300,25423,94608-2008,0,1,1,1,37.8419,-122.2877,29700,156,513,32300,26100,0
119605,1146000,11460,92037-1011,0,1,1,3,32.9095,-117.2442,55800,383,3313,54100,54200,PrivacySuppressed
119775,3043900,30439,92101,0,1,1,3,32.7133,-117.1533,PrivacySuppressed,9,41,PrivacySuppressed,PrivacySuppressed,PrivacySuppressed
119845,713000,7130,91344-7401,0,1,1,1,34.2575,-118.4995,PrivacySuppressed,37,141,24000,18600,0
119951,718700,7187,95350-2381,0,1,1,1,37.6778,-120.9928,PrivacySuppressed,42,89,20100,17500,0
120069,1287200,12872,91768,0,1,2,1,34.0621,-117.751,PrivacySuppressed,98,282,26800,24700,0
120078,1170700,11707,91790,0,1,2,1,34.0721,-117.9496,26500,213,680,26800,25100,0
120087,2591600,25916,91101,0,1,1,1,34.1469,-118.1393,PrivacySuppressed,60,182,23800,20700,0
120184,117900,1179,94002-1908,0,1,1,3,37.5175,-122.2846,46800,46,338,51600,47500,PrivacySuppressed
120254,124900,1249,90041-3392,0,1,1,3,34.1262,-118.2108,38700,43,385,46300,41100,PrivacySuppressed
120272,1298900,12989,92054-5356,0,1,1,1,33.1789,-117.3653,PrivacySuppressed,PrivacySuppressed,PrivacySuppressed,PrivacySuppressed,PrivacySuppressed,0
120290,448100,4481,94539-0390,0,1,1,2,37.528,-121.9146,32700,166,578,41900,33700,PrivacySuppressed
120342,125000,1250,92626,0,1,1,2,33.6702,-117.9114,29200,458,1990,34900,30900,PrivacySuppressed
120403,125100,1251,90045-3505,0,1,1,3,33.9566,-118.4166,37800,72,331,45400,42400,PrivacySuppressed
120421,1284200,12842,93033-6699,0,1,1,2,34.1649,-119.1555,27700,224,1073,28800,26700,NULL
120537,125200,1252,92831-3199,0,1,1,3,33.8762,-117.8857,38300,78,394,37100,33000,PrivacySuppressed
120661,793000,7930,92113-1964,0,1,1,1,32.7041,-117.1019,29800,175,550,28200,26800,PrivacySuppressed
120698,2138300,21383,94304-1337,0,1,1,3,37.3833,-122.186,PrivacySuppressed,NULL,NULL,NULL,NULL,0
120740,125400,1254,94708-1597,0,1,1,4,37.8982,-122.2602,NULL,NULL,NULL,NULL,NULL,NULL
120768,125500,1255,91103,0,1,1,3,34.1515,-118.1609,PrivacySuppressed,10,113,41500,41100,0
120795,125600,1256,94709,0,1,1,4,37.8766,-122.2633,NULL,PrivacySuppressed,PrivacySuppressed,PrivacySuppressed,PrivacySuppressed,NULL
120838,3163300,31633,90010,0,1,1,3,34.0617,-118.2996,PrivacySuppressed,PrivacySuppressed,PrivacySuppressed,PrivacySuppressed,PrivacySuppressed,0
120865,125800,1258,94508-9707,0,1,1,3,38.5741,-122.4496,40800,47,494,51400,44600,0.093167702
120883,132900,1329,95211-0197,0,1,1,3,37.9806,-121.3073,70600,111,1339,75600,64000,0.033444816
120953,125900,1259,92225,0,1,1,1,33.6615,-114.6517,PrivacySuppressed,84,171,26700,22700,NULL
120971,126000,1260,92069-1487,0,1,1,1,33.1502,-117.1817,31000,258,980,33500,29100,PrivacySuppressed
121017,2059800,20598,94520,0,1,1,1,37.9722,-122.0435,PrivacySuppressed,15,24,PrivacySuppressed,PrivacySuppressed,NULL
121044,126100,1261,91106-2003,0,1,1,2,34.1446,-118.1182,26700,782,3417,32800,27900,PrivacySuppressed
121150,1014900,10149,90263,0,1,1,3,34.0419,-118.7077,66100,101,991,65400,52100,PrivacySuppressed
121257,117200,1172,91711-6101,0,1,1,3,34.1034,-117.7059,PrivacySuppressed,18,157,37100,34700,0
121275,2304300,23043,92115-3919,0,1,1,2,32.7637,-117.0635,PrivacySuppressed,50,181,36100,31200,0
121309,126200,1262,92106-2899,0,1,1,3,32.7133,-117.2512,42100,101,800,46900,43900,0.043478261
121345,117300,1173,91711-6319,0,1,1,3,34.0983,-117.7119,42000,13,117,53400,43100,0
121363,126800,1268,93257,0,1,1,2,36.0493,-119.0144,26700,247,910,28700,23700,0
121381,1162600,11626,90502,0,1,3,3,33.8518,-118.2898,30300,52,195,31900,27200,PrivacySuppressed
121433,1298400,12984,91731,0,1,1,1,34.075,-118.038,PrivacySuppressed,57,121,15300,12800,0
121619,128400,1284,92706-3398,0,1,1,2,33.7592,-117.8884,31000,339,1675,33200,29100,PrivacySuppressed
121628,1044100,10441,90407-2138,0,1,1,4,34.01,-118.4905,NULL,NULL,NULL,NULL,NULL,NULL
121637,4161700,41617,96003,0,1,1,1,40.5969,-122.387,NULL,NULL,NULL,NULL,NULL,NULL
121691,132200,1322,92373-0999,0,1,1,3,34.0636,-117.1638,45800,120,1164,50000,47100,PrivacySuppressed
121707,118500,1185,95501-9300,0,1,1,2,40.6967,-124.1951,25900,601,1306,28300,22900,PrivacySuppressed
121859,720300,7203,91786,0,1,1,1,34.1084,-117.6311,PrivacySuppressed,7,31,PrivacySuppressed,PrivacySuppressed,0
121868,1309500,13095,92879,0,1,3,1,33.8832,-117.5135,PrivacySuppressed,16,33,PrivacySuppressed,PrivacySuppressed,PrivacySuppressed
121886,126900,1269,90601-1616,0,1,1,2,34.0199,-118.0333,31900,461,2246,34200,29600,0
121901,127000,1270,92506,0,1,1,2,33.9715,-117.3805,29800,1049,3781,32000,26700,PrivacySuppressed
121983,2179908,21799,94501,0,0,28,3,37.7812,-122.2675,41900,205,1279,41400,36700,PrivacySuppressed
121992,1294200,12942,91770-1639,0,1,1,1,34.0808,-118.0828,PrivacySuppressed,76,191,16400,11900,NULL
122117,3109500,31095,90020-1704,0,1,1,4,34.0662,-118.2899,PrivacySuppressed,PrivacySuppressed,PrivacySuppressed,PrivacySuppressed,PrivacySuppressed,NULL
122180,123300,1233,95822-1386,0,1,1,2,38.5419,-121.4917,28500,763,2402,34200,28800,PrivacySuppressed
122205,891800,8918,92692-3635,0,1,1,1,33.5519,-117.6649,32400,193,789,36400,31100,PrivacySuppressed
122296,701200,7012,94609,0,1,1,3,37.82,-122.2669,99300,22,274,106100,108200,PrivacySuppressed
122339,127300,1273,92101-4787,0,1,1,2,32.7189,-117.1516,28300,861,2240,29500,24800,PrivacySuppressed
122366,3010611,30106,92008,0,0,31,2,33.1229,-117.2834,27800,1259,4911,25900,23100,PrivacySuppressed
122375,127500,1275,92111-4998,0,1,1,2,32.8049,-117.1691,33400,505,2146,36200,31000,PrivacySuppressed
122384,1182000,11820,92126-2999,0,1,1,2,32.9095,-117.1209,34500,172,665,39400,34000,0
122409,115100,1151,92182,0,1,2,3,32.7753,-117.0712,42400,711,6425,47300,44000,0.016393443
122436,1039500,10395,92110-2492,0,1,1,3,32.7714,-117.1887,53400,134,1290,61800,53400,0.033557047
122454,394800,3948,94133-2299,0,1,1,3,37.8036,-122.417,27000,54,139,30200,27700,PrivacySuppressed
122506,127800,1278,94102-6011,0,1,1,3,37.7753,-122.4201,PrivacySuppressed,6,44,PrivacySuppressed,PrivacySuppressed,0
122597,115400,1154,94132,0,1,1,3,37.7213,-122.4779,38300,896,6041,45800,42100,PrivacySuppressed
122603,127900,1279,94960-0000,0,1,1,4,37.9696,-122.5643,PrivacySuppressed,NULL,NULL,NULL,NULL,NULL
122612,132500,1325,94117-1080,0,1,1,3,37.7756,-122.451,61100,157,1397,62000,53300,PrivacySuppressed
122649,2500000,25000,93612-1312,0,1,1,4,36.824,-119.6978,PrivacySuppressed,PrivacySuppressed,PrivacySuppressed,PrivacySuppressed,PrivacySuppressed,NULL
122658,128000,1280,95207,0,1,2,2,37.9946,-121.3172,26300,984,2901,31200,26300,PrivacySuppressed
12265801,128001,1280,95231,0,0,2,0,NULL,NULL,26300,984,2901,31200,26300,PrivacySuppressed
122685,2120700,21207,93291-9283,0,1,12,2,36.328,-119.385,36300,840,3003,30100,25500,PrivacySuppressed
12268501,2120705,21207,932304523,0,0,12,0,NULL,NULL,36300,840,3003,30100,25500,PrivacySuppressed
12268502,2120700,21207,93291,0,1,12,0,NULL,NULL,NULL,NULL,NULL,NULL,NULL,PrivacySuppressed
122694,2120703,21207,93309,0,0,12,2,35.3528,-119.0623,36300,840,3003,30100,25500,PrivacySuppressed
122728,128100,1281,95765-3707,0,1,1,3,38.8197,-121.2923,42600,32,181,37100,30300,PrivacySuppressed
122746,128200,1282,95128-2798,0,1,1,2,37.3163,-121.9297,30200,221,749,29000,24300,PrivacySuppressed
122755,115500,1155,95192-0001,0,1,1,3,37.3352,-121.8812,45400,575,4353,52000,48100,PrivacySuppressed
122791,118100,1181,94402-3784,0,1,1,1,37.5344,-122.3361,34800,151,574,38900,32900,0
122834,2577900,25779,93309,0,1,1,2,35.3595,-119.0613,35300,158,351,25900,23700,0
122843,3072700,30727,90010,0,1,3,3,34.0614,-118.2933,27500,333,1585,30300,26500,PrivacySuppressed
122852,2578000,25780,93454,0,1,1,1,34.4039,-119.6997,PrivacySuppressed,97,285,27000,27100,0
122889,128500,1285,93109-2394,0,1,1,2,34.4068,-119.698,31500,348,1374,36100,30500,PrivacySuppressed
122931,132600,1326,95053,0,1,2,3,37.3527,-121.9382,53900,84,953,69200,61500,PrivacySuppressed
12293101,132604,1326,94709,0,0,2,0,NULL,NULL,53900,84,953,69200,61500,PrivacySuppressed
122977,128600,1286,90405-1628,0,1,1,1,34.019,-118.4704,28800,425,1974,33200,27700,PrivacySuppressed
123013,128700,1287,95401-4395,0,1,1,1,38.4542,-122.7207,32900,382,1344,38500,32400,PrivacySuppressed
123095,2120600,21206,94111-1920,0,1,1,4,37.7984,-122.4001,PrivacySuppressed,NULL,NULL,NULL,NULL,NULL
123165,117400,1174,91711-3905,0,1,1,3,34.1037,-117.7113,PrivacySuppressed,22,133,43800,38800,PrivacySuppressed
123208,719000,7190,94539,0,1,1,1,37.4693,-121.9194,34400,438,1872,38600,36200,PrivacySuppressed
123217,118600,1186,93277-2214,0,1,1,2,36.323,-119.3148,27200,637,2340,28200,22900,PrivacySuppressed
123280,2359300,23593,96002,0,1,1,3,40.5642,-122.3157,PrivacySuppressed,12,28,PrivacySuppressed,PrivacySuppressed,NULL
123299,128900,1289,96003,0,1,1,2,40.6257,-122.318,27000,588,1376,28800,23600,PrivacySuppressed
123341,129000,1290,95677-3397,0,1,1,2,38.7928,-121.2126,29100,658,1794,31500,25400,PrivacySuppressed
123350,2064300,20643,95340,0,1,1,1,37.3066,-120.4957,PrivacySuppressed,35,87,15500,13000,0
123396,2188400,21884,93726,0,1,1,1,36.8028,-119.773,PrivacySuppressed,32,86,28100,25200,PrivacySuppressed
123448,177212,1772,92705,0,0,3,4,33.7661,-117.8521,34500,79,573,41300,37200,PrivacySuppressed
123457,129100,1291,96003-8606,0,1,1,3,40.6133,-122.333,34300,85,550,32300,28000,PrivacySuppressed
123484,118700,1187,96094-2899,0,1,1,2,41.4138,-122.3892,27600,178,468,28300,22300,PrivacySuppressed
123493,950900,9509,95824-1529,0,1,1,1,38.5165,-121.4411,23700,378,646,27300,25000,0
123509,771300,7713,94066-1698,0,1,1,2,37.6305,-122.466,32300,180,815,37900,34200,PrivacySuppressed
123527,127200,1272,92410-2798,0,1,1,2,34.0887,-117.3138,27800,988,2649,29000,24300,0
123554,130200,1302,94575,0,1,1,3,37.84,-122.1068,44900,122,1152,57800,50300,PrivacySuppressed
123563,129200,1292,94534-3197,0,1,1,2,38.2355,-122.1202,31600,356,1031,35800,30100,PrivacySuppressed
123572,115600,1156,94928-3609,0,1,1,3,38.341,-122.6733,39600,244,1889,43600,40800,PrivacySuppressed
123581,2608900,26089,91803,0,1,2,1,34.0815,-118.1505,PrivacySuppressed,9,32,PrivacySuppressed,PrivacySuppressed,0
12358101,2608901,26089,95670,0,0,2,0,NULL,NULL,PrivacySuppressed,9,32,PrivacySuppressed,PrivacySuppressed,0
123633,2597300,25973,92801-1701,0,1,1,3,33.8479,-117.9587,PrivacySuppressed,36,72,30100,18200,NULL
123642,2277400,22774,92868-2609,0,1,1,1,33.7879,-117.8741,PrivacySuppressed,56,197,32700,30900,0
123651,129300,1293,92626,0,1,1,3,33.6627,-117.9009,40900,116,710,38000,33900,PrivacySuppressed
123679,807100,8071,92840-9201,0,1,1,1,33.7747,-117.9384,53600,153,772,39200,35100,PrivacySuppressed
123800,129400,1294,91910-7299,0,1,1,2,32.6416,-116.9972,28700,524,2436,30500,26800,0
123916,408000,4080,94709-1209,0,1,1,4,37.8769,-122.2618,NULL,NULL,NULL,NULL,NULL,NULL
123943,123000,1230,92831-1699,0,1,1,4,33.8898,-117.8862,PrivacySuppressed,2,97,80800,79700,NULL
123952,2075800,20758,90013-1822,0,1,1,3,34.0437,-118.2327,PrivacySuppressed,16,58,44200,46900,0
123961,132800,1328,90089,0,1,1,3,34.0211,-118.2839,69600,462,4462,74400,62300,PrivacySuppressed
123970,129500,1295,90010-1106,0,1,1,4,34.0616,-118.2884,89200,26,214,82500,74600,NULL
124113,130900,1309,93268,0,1,1,2,35.1489,-119.4618,35400,62,305,34600,29200,0
124283,128800,1288,91711-3199,0,1,1,4,34.1076,-117.7153,PrivacySuppressed,PrivacySuppressed,PrivacySuppressed,PrivacySuppressed,PrivacySuppressed,0
124292,2358000,23580,93060,0,1,1,3,34.429,-119.0871,PrivacySuppressed,28,70,34800,33200,PrivacySuppressed
124344,2054900,20549,92630,0,1,3,1,33.6193,-117.7047,PrivacySuppressed,15,36,PrivacySuppressed,PrivacySuppressed,PrivacySuppressed
12434401,2054902,20549,933095001,0,0,3,0,NULL,NULL,NULL,NULL,NULL,NULL,NULL,PrivacySuppressed
12434402,2054903,20549,932775001,0,0,3,0,NULL,NULL,NULL,NULL,NULL,NULL,NULL,NULL
124487,3403300,34033,95841,0,1,1,2,38.6456,-121.3629,PrivacySuppressed,19,52,32500,28700,0
124681,2559300,25593,90255,0,1,9,1,33.9861,-118.2262,25400,1584,5025,24600,23100,PrivacySuppressed
12468104,2559304,25593,917642409,0,0,9,0,NULL,NULL,25400,1584,5025,24600,23100,PrivacySuppressed
12468105,2559305,25593,913162409,0,0,9,0,NULL,NULL,25400,1584,5025,24600,23100,PrivacySuppressed
12468106,2559309,25593,919102409,0,0,9,0,NULL,NULL,25400,1584,5025,24600,23100,PrivacySuppressed
12468107,2559310,25593,917312409,0,0,9,0,NULL,NULL,25400,1584,5025,24600,23100,PrivacySuppressed
12468108,2559312,25593,928012409,0,0,9,0,NULL,NULL,25400,1584,5025,24600,23100,PrivacySuppressed
12468109,2502700,25027,322072409,0,1,1,0,NULL,NULL,NULL,NULL,NULL,NULL,NULL,NULL
12468110,2559315,25593,302602409,0,0,9,0,NULL,NULL,NULL,NULL,NULL,NULL,NULL,NULL
12468111,2559317,25593,920693587,0,0,9,0,NULL,NULL,NULL,NULL,NULL,NULL,NULL,NULL
12468112,2559318,25593,952073587,0,0,9,0,NULL,NULL,NULL,NULL,NULL,NULL,NULL,NULL
124706,853700,8537,92408-3403,0,1,1,1,34.0672,-117.284,39000,293,1006,27900,25900,0
124779,1244600,12446,90044,0,1,2,1,33.9594,-118.2921,PrivacySuppressed,41,104,17200,13400,NULL
124937,760700,7607,91606-3134,0,1,1,1,34.1865,-118.4038,45200,189,1045,40200,36500,0
125028,133400,1334,93003-3872,0,1,1,2,34.277,-119.2307,31200,267,1020,35100,30800,PrivacySuppressed
125082,2128200,21282,92395,0,1,1,1,34.5286,-117.3039,PrivacySuppressed,50,111,15600,13500,0
125091,133500,1335,92395-5850,0,1,1,2,34.4722,-117.2615,28800,843,2063,29000,23100,PrivacySuppressed
125170,2242700,22427,94704,0,1,1,2,37.8705,-122.2698,28000,283,561,32800,24600,0
125231,2504200,25042,55401,0,1,1,3,44.9788,-93.2612,65400,43,255,61700,55600,0.033766234
125310,2061600,20616,93906-2830,0,1,1,1,NULL,NULL,NULL,NULL,NULL,NULL,NULL,NULL
125462,117600,1176,93210,0,1,1,2,36.1479,-120.3567,29300,302,1122,28700,24700,PrivacySuppressed
125471,859600,8596,90230-3519,0,1,1,1,34.0056,-118.3876,28500,278,1083,31900,26900,PrivacySuppressed
125499,133800,1338,95070-5698,0,1,1,2,37.2631,-122.0097,28700,212,676,34100,30100,0
125532,974800,9748,95826,0,1,7,1,38.5618,-121.3689,30400,737,2374,29400,27600,PrivacySuppressed
125718,2276800,22768,92027,0,1,1,4,33.1214,-117.0464,PrivacySuppressed,NULL,NULL,NULL,NULL,NULL
125727,134100,1341,93108-1089,0,1,1,3,34.4493,-119.6619,40400,28,316,45600,39200,PrivacySuppressed
125763,134200,1342,90601,0,1,1,3,33.9776,-118.0284,33500,44,371,41600,38900,0.06097561
125897,134300,1343,91510-7846,0,1,1,3,34.2092,-118.3407,36600,72,470,45300,41200,0
126012,884600,8846,94704-1796,0,1,1,4,37.8682,-122.2532,PrivacySuppressed,PrivacySuppressed,PrivacySuppressed,PrivacySuppressed,PrivacySuppressed,NULL
126030,2179937,21799,92831-3014,0,0,28,4,33.8807,-117.8903,41900,205,1279,41400,36700,PrivacySuppressed
126049,1085400,10854,92101,0,1,1,4,32.7104,-117.1541,PrivacySuppressed,PrivacySuppressed,PrivacySuppressed,PrivacySuppressed,PrivacySuppressed,NULL
126076,2262400,22624,90046,0,1,1,3,34.0855,-118.3467,PrivacySuppressed,14,18,PrivacySuppressed,PrivacySuppressed,NULL
126119,134400,1344,95901,0,1,1,2,39.126,-121.5393,28500,656,2026,29600,24300,0
126164,2165200,21652,81501,0,1,1,1,39.0782,-108.5076,PrivacySuppressed,28,39,PrivacySuppressed,PrivacySuppressed,PrivacySuppressed
126182,134500,1345,81101,0,1,1,3,37.4772,-105.8809,29500,99,752,33600,30700,0.118518519
126207,758200,7582,80632,0,1,1,1,40.409,-104.7643,34300,267,1227,33000,30600,0.131944444
126289,134600,1346,80160-9002,0,1,1,1,39.6075,-105.0186,35200,305,1234,36100,33900,PrivacySuppressed
126359,1267000,12670,80247,0,1,1,2,39.6861,-104.8753,PrivacySuppressed,130,563,29000,29400,0
126401,450300,4503,80916,0,1,4,1,38.8071,-104.7403,28400,230,660,22900,21000,PrivacySuppressed
126562,450800,4508,80217-3364,0,1,1,3,39.7464,-104.9993,53000,332,2205,60300,50100,0.062787136
126580,450900,4509,80918,0,1,1,3,38.8927,-104.8003,38300,285,1704,41300,37300,PrivacySuppressed
126605,729700,7297,80021-3465,0,1,1,2,39.9148,-105.1191,PrivacySuppressed,86,528,46500,42800,0
126614,137000,1370,80309-0017,0,1,1,3,40.0044,-105.2671,41600,547,4614,47900,41600,0.040477426
126669,940100,9401,80226,0,1,1,3,39.7117,-105.0948,44500,86,622,38800,35600,0.061904762
126678,134700,1347,80903,0,1,1,3,38.8466,-104.8242,31200,35,284,39400,34400,PrivacySuppressed
126687,887100,8871,80010-4314,0,1,2,1,39.7187,-104.8671,37800,175,686,28900,28000,0
126702,2078900,20789,80203-2983,0,1,1,3,39.7356,-104.9858,28100,543,2667,32700,28900,PrivacySuppressed
126711,450600,4506,81601-0233,0,1,1,1,39.47,-107.2375,29100,133,686,30200,27400,0.102409639
126748,135900,1359,81648-3598,0,1,1,2,40.0807,-108.7903,37400,50,254,35300,31200,PrivacySuppressed
126775,134800,1348,80401,0,1,1,3,39.7508,-105.2271,67500,52,669,78700,73000,PrivacySuppressed
126784,1157200,11572,80215-2996,0,1,1,2,39.741,-105.1039,PrivacySuppressed,46,157,36100,31000,0
126818,135000,1350,80523-0100,0,1,1,3,40.5748,-105.0808,41000,537,5053,44200,39500,0.034668261
126827,1014800,10148,80907-3812,0,1,7,3,38.8943,-104.8339,48400,822,4613,55400,46000,PrivacySuppressed
12682701,1014815,10148,81003,0,0,7,0,NULL,NULL,48400,822,4613,55400,46000,PrivacySuppressed
126854,966407,9664,80226,0,0,14,1,39.7228,-105.0821,PrivacySuppressed,48,156,20300,17500,0
126863,2276900,22769,80011-9036,0,1,1,2,39.7178,-104.8019,31900,237,1054,33200,30100,0.126436782
126872,2594300,25943,80222,0,1,5,2,39.6916,-104.9412,24700,266,862,24300,22300,PrivacySuppressed
126915,2156200,21562,81416,0,1,1,1,38.7025,-108.0311,PrivacySuppressed,37,149,37100,32900,PrivacySuppressed
126924,2296004,22960,80031-2901,0,0,3,2,39.8599,-105.0651,PrivacySuppressed,55,166,33600,29000,0
126942,954200,9542,80204-2026,0,1,1,2,39.7414,-105.003,26600,624,1862,31300,26900,0.134969325
126951,793806,7938,80239,0,0,9,1,39.7081,-105.001,31900,194,1226,36000,33300,PrivacySuppressed
126979,135200,1352,80120,0,1,1,4,39.6006,-105.0224,PrivacySuppressed,PrivacySuppressed,PrivacySuppressed,PrivacySuppressed,PrivacySuppressed,NULL
127024,754800,7548,80221,0,1,4,3,39.8304,-104.9864,34200,930,4136,35400,31200,PrivacySuppressed
127060,137100,1371,80208,0,1,1,3,39.696,-104.9646,47600,158,1392,53700,47600,PrivacySuppressed
127158,559600,5596,80204-2197,0,1,1,1,39.741,-104.9953,20800,103,222,26100,23600,0
127185,135300,1353,81301-3999,0,1,1,3,37.2754,-107.867,31300,174,1278,34000,30300,0.086792453
127200,793300,7933,80031,0,1,1,1,39.9018,-105.0394,33000,638,3129,34800,31200,0.099841521
127219,2267500,22675,81601,1,1,1,1,39.5619,-107.3591,PrivacySuppressed,11,56,24500,16000,0
127228,2518500,25185,80525,0,1,1,1,40.4972,-105.0765,PrivacySuppressed,28,109,19700,16700,0
127273,135400,1354,80210-4798,0,1,1,4,39.6775,-104.9606,PrivacySuppressed,PrivacySuppressed,PrivacySuppressed,PrivacySuppressed,PrivacySuppressed,NULL
127316,1285000,12850,80918-3684,0,1,1,1,38.9136,-104.7863,PrivacySuppressed,79,244,20500,17500,0
127389,135500,1355,81052-3999,0,1,1,2,38.0581,-102.6156,29100,78,330,28800,25100,PrivacySuppressed
127556,135800,1358,81501-3122,0,1,1,3,39.0764,-108.5403,38500,287,1655,36200,32400,PrivacySuppressed
127565,136000,1360,80217-3362,0,1,1,3,39.7422,-105.0024,36400,864,4688,38200,34900,PrivacySuppressed
127617,998100,9981,80701,0,1,1,1,40.2588,-103.7718,37200,83,341,31300,26100,PrivacySuppressed
127653,2117500,21175,80302-6697,0,1,1,3,40.0148,-105.2671,PrivacySuppressed,50,155,24100,19600,PrivacySuppressed
127680,405702,4057,80920,0,0,31,3,38.9527,-104.7908,42100,375,2089,36600,32100,0.081504702
127699,405703,4057,80222-3308,0,0,31,2,39.692,-104.9416,42100,375,2089,36600,32100,0.081504702
127714,1300700,13007,80910-3704,0,1,1,3,38.8141,-104.7511,PrivacySuppressed,38,153,32000,29700,PrivacySuppressed
127732,136100,1361,80751-2944,0,1,1,2,40.6369,-103.1975,33300,72,606,31600,29000,0.121212121
127741,134900,1349,80639,0,1,1,3,40.4032,-104.7017,34600,317,2900,38800,36200,0.077267637
127778,136200,1362,81050,0,1,1,1,37.9712,-103.5448,27900,155,580,28000,23900,PrivacySuppressed
127787,450700,4507,80229,0,1,2,1,39.8616,-104.9854,27500,709,2327,27200,26000,PrivacySuppressed
127820,889600,8896,80906-5498,0,1,1,2,38.7643,-104.7873,31600,729,2449,30700,27200,PrivacySuppressed
127839,863500,8635,80919,0,1,1,2,38.8658,-104.7562,25400,112,378,24200,23500,0
127884,2116300,21163,81004-1499,0,1,1,1,38.2635,-104.6364,28300,638,2131,29300,25300,PrivacySuppressed
127909,954300,9543,80228-1255,0,1,1,1,39.7203,-105.1501,38000,264,1023,36500,31400,0.094827586
127918,136300,1363,80221-1099,0,1,1,3,39.7898,-105.0314,57500,196,1685,53900,49100,PrivacySuppressed
127945,764900,7649,80214,0,1,1,3,39.7433,-105.0699,30100,38,202,28700,25000,PrivacySuppressed
127954,3306300,33063,80301,0,1,1,1,39.965,-105.2531,PrivacySuppressed,6,30,PrivacySuppressed,PrivacySuppressed,0
128106,136500,1365,81001-4901,0,1,1,3,38.3092,-104.5798,35600,186,1321,35300,33700,0.052272727
128151,1287500,12875,80011-9307,0,1,1,1,39.7235,-104.79,PrivacySuppressed,30,117,27700,25900,NULL
128179,2253700,22537,80909-6096,0,1,1,2,38.8322,-104.7872,PrivacySuppressed,77,269,31200,28900,0
128188,3066900,30669,81506,0,1,1,2,39.1163,-108.5306,31800,117,344,22700,19000,PrivacySuppressed
128258,136800,1368,81082,0,1,1,1,37.1729,-104.5122,29400,244,846,27300,23900,PrivacySuppressed
128337,757306,7573,80233,0,0,13,1,39.9149,-104.9435,PrivacySuppressed,46,165,20100,18300,PrivacySuppressed
128391,137200,1372,81231,0,1,1,3,38.5474,-106.9197,31100,78,773,34000,30100,0.076086957
128498,137400,1374,06511-1189,0,1,1,3,41.3325,-72.9238,49400,67,740,52700,48900,PrivacySuppressed
128540,887300,8873,6810,0,1,1,1,41.3876,-73.4421,PrivacySuppressed,12,44,PrivacySuppressed,PrivacySuppressed,PrivacySuppressed
128577,1115000,11150,6082,0,1,1,1,41.9984,-72.5702,29500,21,162,31800,29200,PrivacySuppressed
128674,2074000,20740,06405-4103,0,1,6,1,41.2786,-72.8482,27800,725,2598,27000,25800,0
128683,940700,9407,06489-1057,0,1,2,2,41.6323,-72.9202,28200,53,316,33900,30100,PrivacySuppressed
128726,618100,6181,6610,0,1,1,1,41.1894,-73.1652,PrivacySuppressed,5,140,65100,67000,0
128744,141600,1416,06604-5620,0,1,1,3,41.1656,-73.1894,33300,72,537,40200,37600,0.09375
128771,137800,1378,6050,0,1,1,3,41.6903,-72.7701,38800,183,2273,43000,41200,0.034525277
128780,3234300,32343,6053,0,1,1,3,41.6882,-72.768,47900,48,316,42900,38500,0
128896,2316600,23166,06111-3975,0,1,3,1,41.6851,-72.7107,38800,72,410,34700,29900,PrivacySuppressed
128902,137900,1379,06320-4196,0,1,1,3,41.3798,-72.1073,42300,35,292,48700,44500,PrivacySuppressed
128957,1041700,10417,6108,0,1,1,1,41.7712,-72.6424,PrivacySuppressed,70,178,20700,16400,0
129002,730500,7305,6405,0,1,1,1,41.2773,-72.8549,PrivacySuppressed,43,181,34900,31100,PrivacySuppressed
129020,141700,1417,6269,0,1,4,3,41.8082,-72.2495,48300,320,4800,54100,49700,0.024781341
129154,2244900,22449,6118,0,1,1,2,41.7441,-72.6403,38300,232,1001,36200,30900,PrivacySuppressed
129181,730306,7303,6088,0,0,6,1,41.9242,-72.5969,PrivacySuppressed,127,776,35100,33900,PrivacySuppressed
129215,142500,1425,6226,0,1,1,3,41.7217,-72.2188,36900,99,1364,40600,39500,0.062903226
129242,138500,1385,06824-5195,0,1,1,3,41.1607,-73.2578,55800,41,852,66100,60200,PrivacySuppressed
129349,2112700,21127,6473,0,1,1,1,41.3945,-72.8575,PrivacySuppressed,30,116,25700,23600,0
129367,763500,7635,6103,0,1,1,2,41.7684,-72.6727,27800,169,947,32800,29800,PrivacySuppressed
129428,280301,2803,6120,0,0,2,4,41.7735,-72.6739,65000,99,1473,71900,70100,PrivacySuppressed
129482,2106600,21066,06110-1922,0,1,4,1,41.727,-72.7258,27700,71,336,25600,24700,0
129491,138700,1387,06105-2260,0,1,1,4,41.7699,-72.7078,NULL,NULL,NULL,NULL,NULL,NULL
129525,142200,1422,06117-1599,0,1,1,3,41.7965,-72.715,38800,139,1677,41800,39400,0.071535022
129534,138900,1389,06416-2005,0,1,1,3,41.6068,-72.6479,PrivacySuppressed,PrivacySuppressed,PrivacySuppressed,PrivacySuppressed,PrivacySuppressed,PrivacySuppressed
129543,451300,4513,06604-4704,0,1,1,2,41.1752,-73.191,27000,243,1091,30900,28500,PrivacySuppressed
129613,1287700,12877,6032,0,1,1,2,41.7354,-72.7956,28900,233,978,30500,27100,NULL
129686,3079400,30794,6371,0,1,1,3,41.3228,-72.3294,PrivacySuppressed,5,26,PrivacySuppressed,PrivacySuppressed,PrivacySuppressed
129695,139200,1392,6040,0,1,1,2,41.7605,-72.5626,29200,175,965,31400,29600,PrivacySuppressed
129729,698200,6982,06708-3089,0,1,1,2,41.5496,-73.0712,31600,141,860,34900,31400,PrivacySuppressed
129756,803800,8038,06457-4829,0,1,1,2,41.5395,-72.6118,27300,74,312,35200,32200,PrivacySuppressed
129774,139300,1393,6320,0,1,1,3,41.3281,-72.0953,26400,50,395,27700,26200,PrivacySuppressed
129808,976500,9765,6360,0,1,1,2,41.5099,-72.103,30800,139,699,32800,29300,0
129923,730300,7303,6051,0,1,6,1,41.6592,-72.7545,36200,168,1094,40300,38500,PrivacySuppressed
129932,2202500,22025,6071,0,1,2,1,41.9784,-72.4517,34000,222,855,36700,36500,0
129941,139700,1397,6516,0,1,1,3,41.2913,-72.9615,41300,68,1072,46500,44000,0.091407678
129969,2112300,21123,6320,0,1,3,1,41.3499,-72.1005,PrivacySuppressed,40,139,25800,25600,0
130004,139900,1399,6854,0,1,1,2,41.1026,-73.451,31700,157,710,33200,30700,PrivacySuppressed
130040,139800,1398,6098,0,1,1,2,41.921,-73.0593,26800,45,192,29300,27900,0
130110,745900,7459,06514-3902,0,1,1,3,41.3477,-72.935,PrivacySuppressed,10,96,31900,27000,0
130129,887400,8874,06450-4836,0,1,4,1,41.5244,-72.7632,PrivacySuppressed,54,172,21600,18600,0
13012901,887401,8874,6514,0,0,4,0,NULL,NULL,NULL,NULL,NULL,NULL,NULL,0
13012902,887402,8874,6825,0,0,4,0,NULL,NULL,NULL,NULL,NULL,NULL,NULL,0
13012903,887403,8874,6626,0,0,4,0,NULL,NULL,NULL,NULL,NULL,NULL,NULL,0
130174,1077900,10779,06615-7158,0,1,8,1,41.1696,-73.149,34900,185,1018,36900,35500,0
13017401,1077910,10779,60671400,0,0,8,0,NULL,NULL,34900,185,1018,36900,35500,0
13017402,1077903,10779,60821400,0,0,8,0,NULL,NULL,34900,185,1018,36900,35500,0
13017403,1077902,10779,67791400,0,0,8,0,NULL,NULL,34900,185,1018,36900,35500,0
13017404,1077905,10779,10221400,0,0,8,0,NULL,NULL,34900,185,1018,36900,35500,0
13017405,1077906,10779,15811400,0,0,8,0,NULL,NULL,34900,185,1018,36900,35500,0
13017406,1077914,10779,20212480,0,0,8,0,NULL,NULL,34900,185,1018,36900,35500,0
13017407,1077916,10779,18011041,0,0,8,0,NULL,NULL,34900,185,1018,36900,35500,0
130183,140100,1401,6723,0,1,1,3,41.5353,-73.0805,38200,51,453,39100,34700,PrivacySuppressed
130217,1053000,10530,06239-1436,0,1,1,2,41.8262,-71.8897,26700,94,379,25300,21800,PrivacySuppressed
130226,140200,1402,6518,0,1,1,3,41.4195,-72.8955,45300,81,1768,57700,54100,0.035340314
130253,140300,1403,06825-1000,0,1,1,3,41.2215,-73.2446,40900,72,1237,51700,49500,0.055762082
130314,140900,1409,6117,0,1,1,3,41.783,-72.7305,PrivacySuppressed,35,441,47200,44600,PrivacySuppressed
130396,803700,8037,6510,0,1,1,2,41.2885,-72.9259,28900,257,1209,32100,28200,0.086956522
130448,619100,6191,06606-4201,0,1,1,2,41.2012,-73.2011,PrivacySuppressed,10,130,58300,60200,PrivacySuppressed
130493,140600,1406,06515-1355,0,1,1,3,41.3319,-72.9488,37400,190,2239,40300,38400,0.048843188
130509,1242500,12425,6516,0,1,3,1,41.2686,-72.9774,26600,344,1020,21200,18800,PrivacySuppressed
130581,2546000,25460,10011,0,1,1,4,40.7399,-74.0021,PrivacySuppressed,7,21,PrivacySuppressed,PrivacySuppressed,0
130590,141400,1414,06106-3100,0,1,1,3,41.7467,-72.6887,53700,25,337,56000,50300,PrivacySuppressed
130606,976400,9764,06032-3187,0,1,1,2,41.7055,-72.8775,30900,123,566,33200,31500,PrivacySuppressed
130697,142400,1424,6459,0,1,1,3,41.5568,-72.6568,43800,48,413,46300,42000,PrivacySuppressed
130776,138000,1380,06810-6826,0,1,1,3,41.4004,-73.4443,36600,110,1189,41800,38700,0.059055118
130785,2296100,22961,6510,0,1,1,0,41.3042,-72.9356,NULL,NULL,NULL,NULL,NULL,NULL
130794,142600,1426,6520,0,1,1,3,41.3102,-72.9289,87200,123,1206,100000,70600,PrivacySuppressed
130837,2125200,21252,19958,0,1,1,1,38.7713,-75.1424,PrivacySuppressed,1,24,PrivacySuppressed,PrivacySuppressed,NULL
130873,3025800,30258,19805-1511,0,1,1,1,39.7547,-75.5943,PrivacySuppressed,86,350,22900,21900,0
130891,705300,7053,19947,0,1,1,2,38.6973,-75.4075,27600,178,964,30200,27100,PrivacySuppressed
130907,1172700,11727,19901,0,1,1,2,39.1984,-75.5601,29200,112,603,35100,31200,PrivacySuppressed
130916,2144900,21449,19801,0,1,1,2,39.7403,-75.5522,32700,226,1274,35100,32200,0.1
130934,142800,1428,19901,0,1,1,3,39.1872,-75.5405,28300,119,1062,32000,30500,PrivacySuppressed
130943,143100,1431,19716,0,1,1,3,39.6798,-75.7536,45200,209,3468,53300,50100,0.019402202
130989,142900,1429,19808,0,1,1,3,39.7425,-75.694,39300,23,280,40800,36700,PrivacySuppressed
131061,2190400,21904,19711,0,1,1,1,39.681,-75.7567,PrivacySuppressed,35,106,22300,22100,0
131098,143300,1433,19901-3875,0,1,1,3,39.1633,-75.5274,34000,66,782,40600,38800,0.120218579
131113,794800,7948,19720,0,1,1,3,39.6823,-75.587,43300,141,1047,40400,39400,PrivacySuppressed
131159,143400,1434,20016-8001,0,1,1,3,38.9378,-77.0901,48300,153,1443,55900,51600,0.021037868
131283,143700,1437,20064,0,1,1,3,38.9358,-76.999,44200,71,808,51100,48900,0.059548255
131308,1195000,11950,20006-4804,0,1,1,3,38.8958,-77.0398,30100,42,239,33600,29300,PrivacySuppressed
131399,144100,1441,20008,0,1,2,3,38.9438,-77.0662,32000,251,1123,34800,32100,PrivacySuppressed
131405,1280300,12803,20017-1585,0,1,1,4,38.9314,-76.9988,NULL,NULL,NULL,NULL,NULL,NULL
131450,144300,1443,20002-3695,0,1,1,3,38.9074,-76.9937,26000,108,262,29100,26400,0
131469,144400,1444,20052,0,1,1,3,38.8987,-77.0479,62500,198,1956,69400,60100,0.022988506
131496,144500,1445,20057-0001,0,1,1,3,38.9088,-77.0735,97600,175,1668,100300,76200,PrivacySuppressed
131520,144800,1448,20059-0001,0,1,1,3,38.9207,-77.0195,40100,166,1712,46400,42400,0.047882136
131742,2588900,25889,22042,0,1,1,1,38.8695,-77.148,30300,380,1655,26600,25300,PrivacySuppressed
131803,145900,1459,20005,0,1,99,3,38.9049,-77.0343,52700,1064,7471,51900,45700,PrivacySuppressed
13180301,145904,1459,20012,0,0,99,0,NULL,NULL,52700,1064,7471,51900,45700,PrivacySuppressed
131830,2132800,21328,20007,0,1,1,1,38.91,-77.0651,PrivacySuppressed,PrivacySuppressed,PrivacySuppressed,PrivacySuppressed,PrivacySuppressed,0
131876,146000,1460,20017-1094,0,1,1,3,38.9274,-77.0043,PrivacySuppressed,51,300,39400,35500,PrivacySuppressed
131973,146400,1464,20016-5690,0,1,1,4,38.9396,-77.09,PrivacySuppressed,NULL,NULL,NULL,NULL,NULL
132268,2346200,23462,32174,0,1,1,1,29.3494,-81.1331,PrivacySuppressed,174,565,34200,30600,0
132338,1019500,10195,33316-3000,0,1,1,2,26.1012,-80.1235,27900,513,1942,30400,26900,PrivacySuppressed
132374,1226300,12263,33063-3902,0,1,1,1,26.2436,-80.1853,27500,55,269,30600,28500,NULL
132408,2159600,21596,32440,0,1,1,3,30.9564,-85.519,32100,37,168,31000,27200,PrivacySuppressed
132471,146600,1466,33161-6695,0,1,2,3,25.8789,-80.1961,48000,277,2063,46200,42200,PrivacySuppressed
13247101,146601,1466,328073673,0,0,2,0,NULL,NULL,48000,277,2063,46200,42200,PrivacySuppressed
132523,1112700,11127,32405,0,1,1,4,30.2005,-85.6499,NULL,NULL,NULL,NULL,NULL,0
132602,146700,1467,32114-3099,0,1,1,3,29.2102,-81.0314,23400,135,959,27000,23500,0.096774194
132657,150500,1505,33431-5598,0,1,1,3,26.3828,-80.1239,35900,82,448,39700,34400,0.104761905
132666,2200100,22001,34210,0,1,1,1,27.4626,-82.6022,PrivacySuppressed,38,93,17400,14900,0
132675,3382300,33823,32091,0,1,1,1,29.9521,-82.1231,PrivacySuppressed,20,50,19500,17300,NULL
132693,147000,1470,32922,0,1,1,2,28.3848,-80.7581,27900,563,2491,29300,25600,0.043290043
132709,150000,1500,33301,0,1,1,2,26.0797,-80.2354,29800,1225,6719,33300,29900,PrivacySuppressed
132806,2245500,22455,32789,0,1,4,1,28.5554,-81.4484,23400,216,705,21700,20800,0
132842,1072401,10724,33172-2209,0,0,2,3,25.7952,-80.355,35000,70,334,32800,29100,0
132851,147100,1471,34474,0,1,1,2,29.1661,-82.1757,28500,338,1571,30600,27900,0.071942446
132879,2156700,21567,34744,0,1,1,3,28.3019,-81.3625,PrivacySuppressed,13,120,29000,26400,PrivacySuppressed
132903,395400,3954,32816,0,1,1,3,28.6011,-81.1988,39500,781,8049,42900,39300,0.017600741
132976,2297000,22970,33948-3399,0,1,1,1,27.0056,-82.1472,PrivacySuppressed,47,117,25300,24200,NULL
133021,147200,1472,32446-2053,0,1,1,2,30.7906,-85.2319,28700,96,527,29100,27100,PrivacySuppressed
133085,147300,1473,33759-4595,0,1,1,3,27.9636,-82.6973,34300,48,268,37000,31100,PrivacySuppressed
133155,1323400,13234,34104-4405,0,1,1,1,26.1412,-81.7634,PrivacySuppressed,29,155,28000,24600,NULL
133386,147500,1475,32114,0,1,1,2,29.2023,-81.0513,27900,818,3270,28200,24900,PrivacySuppressed
133465,1303904,13039,33411,0,0,16,3,26.6917,-80.1997,43800,264,1420,33700,28400,PrivacySuppressed
133492,148700,1487,33711-4700,0,1,1,3,27.719,-82.686,36500,94,676,42100,36000,0.064814815
133508,147700,1477,33919-0000,0,1,1,2,26.5547,-81.8874,30500,350,1964,33900,30400,PrivacySuppressed
133526,147800,1478,32209,0,1,1,3,30.3451,-81.6848,21100,144,568,26000,22000,0
133553,147900,1479,32114-3900,0,1,2,3,29.1892,-81.0495,50900,226,2940,59200,53800,PrivacySuppressed
133650,148000,1480,32307,0,1,1,3,30.4286,-84.2857,31900,324,3035,39800,32300,PrivacySuppressed
133669,148100,1481,33431-0991,0,1,1,3,26.3725,-80.1023,37600,669,4749,41400,37800,0.031128405
133702,148400,1484,32202,0,1,1,2,30.3349,-81.6599,31400,1146,5669,31600,28700,PrivacySuppressed
133711,789300,7893,32084,0,1,2,3,29.8934,-81.3153,32400,89,851,34300,33800,0.063636364
133809,148200,1482,33617-5527,0,1,1,2,28.0349,-82.3834,31300,33,239,34600,31200,PrivacySuppressed
133845,2089600,20896,32256-6905,0,1,2,1,30.3275,-81.5738,24000,256,820,21200,19700,0
133854,2275100,22751,33025,0,1,1,1,26.1751,-80.203,24000,221,815,21600,21300,0
133863,2172700,21727,33607-4127,0,1,1,1,27.9591,-82.5151,17900,287,1044,22800,21700,0
133872,3115500,31155,32803,0,1,1,3,28.5761,-81.3677,57700,49,587,52400,51800,PrivacySuppressed
133881,146900,1469,32901-6975,0,1,1,3,28.0645,-80.6246,44800,59,611,54400,50500,PrivacySuppressed
133942,2329900,23299,32514,0,1,1,1,30.5349,-87.2206,PrivacySuppressed,11,98,48800,46100,0
133951,963500,9635,33199,0,1,1,3,25.7571,-80.3776,38700,795,6004,44200,40500,PrivacySuppressed
133960,148500,1485,33040,0,1,1,2,24.5827,-81.7445,28200,103,305,35000,30900,0
133979,148600,1486,33054-6199,0,1,1,3,25.9179,-80.2707,23400,154,812,25800,23700,PrivacySuppressed
133997,2305800,23058,33174,0,1,1,1,25.7553,-80.3667,23200,672,2327,26800,24900,PrivacySuppressed
134024,4129900,41299,32608-5419,0,1,1,1,29.5935,-82.3385,NULL,NULL,NULL,NULL,NULL,0
134079,148800,1488,33801-5698,0,1,1,3,28.0315,-81.9458,32700,74,794,37900,35900,PrivacySuppressed
134097,148900,1489,32306-1037,0,1,1,3,30.4397,-84.2909,39700,654,6951,44700,40000,PrivacySuppressed
134112,2218700,22187,32826,0,1,1,1,28.5737,-81.201,27900,261,781,24900,23200,0
134121,2598200,25982,32225,0,1,2,2,30.3262,-81.55,25800,47,218,29100,25600,0
13412101,2598203,25982,33134,0,0,2,0,NULL,NULL,NULL,NULL,NULL,NULL,NULL,NULL
134130,153500,1535,32611,0,1,1,3,29.6382,-82.3612,49800,627,6609,54600,46600,PrivacySuppressed
134149,814600,8146,33062,0,1,2,1,26.2341,-80.1036,30200,481,1488,28800,26200,0
134228,2338400,23384,34982-6333,0,1,1,1,27.4124,-80.3247,PrivacySuppressed,111,241,17600,14600,NULL
134237,2362100,23621,32792-7429,0,1,1,3,28.5965,-81.3013,32300,665,4401,38600,32700,PrivacySuppressed
134291,2307400,23074,32526-8922,0,1,1,1,30.4881,-87.2951,24800,88,200,21900,19100,NULL
134307,3079800,30798,33142,0,1,1,1,25.8041,-80.2636,PrivacySuppressed,20,112,41100,38700,NULL
134343,149000,1490,32401,0,1,1,2,30.1861,-85.7272,29300,321,1485,28700,26100,PrivacySuppressed
134422,2325100,23251,33004-3046,0,1,1,2,26.0528,-80.1399,PrivacySuppressed,27,86,29800,28200,0
134495,787000,7870,33606-3584,0,1,1,2,27.9345,-82.4569,30200,935,4800,32000,28700,0.073809524
134510,2188900,21889,33455-1065,0,1,1,3,27.0665,-80.1324,PrivacySuppressed,6,37,PrivacySuppressed,PrivacySuppressed,0
134529,4162500,41625,33023,0,1,2,1,26.0076,-80.2076,NULL,NULL,NULL,NULL,NULL,NULL
134574,2279600,22796,33781,0,1,1,1,27.8397,-82.689,PrivacySuppressed,64,200,28700,26600,PrivacySuppressed
134608,149300,1493,34981-5596,0,1,1,2,27.4231,-80.3579,28600,401,1807,29000,25500,PrivacySuppressed
134680,3031400,30314,33634,0,1,8,3,27.9922,-82.5485,26800,778,3508,28800,25800,PrivacySuppressed
134714,2257900,22579,32119,0,1,1,1,29.1622,-80.9978,PrivacySuppressed,66,201,20500,18300,0
134811,887800,8878,33132-1418,0,1,1,3,25.79,-80.1884,26400,208,789,30400,26800,PrivacySuppressed
134909,732910,7329,33634-7350,0,0,141,2,27.9824,-82.5476,35900,574,3762,38800,35100,PrivacySuppressed
134945,149500,1495,32211-3394,0,1,1,3,30.3503,-81.6071,35500,79,920,49000,42100,PrivacySuppressed
135063,149700,1497,32211,0,1,1,2,30.328,-81.6101,PrivacySuppressed,111,344,32300,28000,0
135081,2151900,21519,33309,0,1,14,2,26.1859,-80.164,35200,1021,4570,31800,28900,PrivacySuppressed
13508101,2151901,21519,32901,0,0,14,0,NULL,NULL,35200,1021,4570,31800,28900,PrivacySuppressed
13508102,2151902,21519,32309,0,0,14,0,NULL,NULL,35200,1021,4570,31800,28900,PrivacySuppressed
13508103,2151904,21519,32114,0,0,14,0,NULL,NULL,35200,1021,4570,31800,28900,PrivacySuppressed
13508104,2151906,21519,33805,0,0,14,0,NULL,NULL,35200,1021,4570,31800,28900,PrivacySuppressed
13508105,2151908,21519,33172,0,0,14,0,NULL,NULL,35200,1021,4570,31800,28900,PrivacySuppressed
13508106,2151909,21519,32807,0,0,14,0,NULL,NULL,35200,1021,4570,31800,28900,PrivacySuppressed
13508107,2151903,21519,34240,0,0,14,0,NULL,NULL,35200,1021,4570,31800,28900,PrivacySuppressed
13508108,2151910,21519,32216,0,0,14,0,NULL,NULL,35200,1021,4570,31800,28900,PrivacySuppressed
13508109,2151914,21519,33634,0,0,14,0,NULL,NULL,35200,1021,4570,31800,28900,PrivacySuppressed
13508110,2151913,21519,33027,0,0,14,0,NULL,NULL,35200,1021,4570,31800,28900,PrivacySuppressed
13508111,2151911,21519,34952,0,0,14,0,NULL,NULL,35200,1021,4570,31800,28900,PrivacySuppressed
13508112,2151912,21519,33411,0,0,14,0,NULL,NULL,35200,1021,4570,31800,28900,PrivacySuppressed
13508113,2151917,21519,33905,0,0,14,0,NULL,NULL,35200,1021,4570,31800,28900,PrivacySuppressed
135124,2597100,25971,33912,0,1,1,2,26.5409,-81.8425,PrivacySuppressed,72,242,20800,19800,PrivacySuppressed
135142,2287100,22871,33012,0,1,1,1,25.8667,-80.313,PrivacySuppressed,189,424,16700,13500,NULL
135160,150100,1501,32025-2007,0,1,1,2,30.1743,-82.5697,31700,202,831,29000,25500,PrivacySuppressed
135179,2228300,22283,32726,0,1,1,1,28.8334,-81.6909,PrivacySuppressed,32,150,27700,25900,NULL
135188,150200,1502,34788-8751,0,1,1,2,28.8302,-81.7977,26000,170,662,30500,26600,PrivacySuppressed
135267,755800,7558,33916-2204,0,1,1,1,26.6486,-81.833,PrivacySuppressed,43,131,30200,25300,0
135276,558500,5585,32304-2895,0,1,1,1,30.4485,-84.3391,20600,83,260,24200,21800,NULL
135294,558600,5586,33127,0,1,1,1,25.7947,-80.2082,26800,47,122,31800,27800,NULL
135337,1016100,10161,33710,0,1,1,1,27.7813,-82.7112,PrivacySuppressed,46,153,22200,16700,0
135364,3100900,31009,30038-9869,0,1,1,3,33.698,-84.1236,PrivacySuppressed,18,56,36900,35100,PrivacySuppressed
135391,150400,1504,34207,0,1,1,2,27.4361,-82.5917,27400,530,2350,30800,27100,0.061538462
135407,561200,5612,34203,0,1,1,1,27.4436,-82.5934,31500,91,336,29200,26400,0
135416,2148300,21483,33611,0,1,2,1,27.9025,-82.5184,17100,203,449,21500,17100,0
13541601,2148301,21483,33612,0,0,2,0,NULL,NULL,17100,203,449,21500,17100,0
135522,560800,5608,33803,0,1,1,1,27.9958,-81.8935,PrivacySuppressed,71,236,27500,24900,NULL
135610,177201,1772,33324,0,0,3,3,26.0997,-80.2572,34500,79,573,41300,37200,PrivacySuppressed
135647,2316200,23162,33014,0,1,1,1,25.9161,-80.2951,28100,52,238,32900,30100,NULL
135717,150600,1506,33132-2204,0,1,1,2,25.7777,-80.1909,29800,3976,19778,30900,27400,PrivacySuppressed
135726,153600,1536,33146,0,1,1,3,25.7204,-80.2765,55400,276,2452,60800,51100,PrivacySuppressed
135735,2501500,25015,32809,0,1,1,1,28.4717,-81.416,PrivacySuppressed,64,155,24400,22500,0
135771,2283801,22838,33144-4700,0,0,5,1,25.7607,-80.3038,17800,581,1276,18200,14700,0
135939,3026508,30265,33619,0,0,19,1,27.9835,-82.386,26000,813,2910,25400,23700,PrivacySuppressed
135957,2121800,21218,33169-4538,0,1,1,1,25.943,-80.2035,24600,396,1776,24900,23600,0
136048,3113400,31134,33463-2113,1,1,1,1,26.6311,-80.1131,PrivacySuppressed,66,229,21400,16600,0
136066,1246117,12461,33407,0,0,14,1,26.7582,-80.0948,28000,286,1106,27700,26300,PrivacySuppressed
136109,2149900,21499,32246,0,1,3,1,30.2589,-81.5273,PrivacySuppressed,20,57,15700,16100,0
136145,150800,1508,32340,0,1,1,2,30.4739,-83.4219,31500,80,423,26600,24000,NULL
136172,984100,9841,32224-7699,0,1,1,3,30.2709,-81.5079,38500,324,2877,41100,38400,PrivacySuppressed
136206,407215,4072,33409-2911,0,0,3,3,26.7147,-80.1041,43500,207,1958,45500,40800,0.04
136215,150900,1509,33314-7796,0,1,1,3,26.0793,-80.2425,53400,286,1935,50400,42300,PrivacySuppressed
136233,151000,1510,32578-1295,0,1,1,2,30.5371,-86.4755,34400,290,1297,29000,25300,PrivacySuppressed
136288,149900,1499,32810,0,1,3,1,28.6109,-81.3874,30100,910,3575,25000,22800,PrivacySuppressed
136303,2513200,25132,32801-1197,0,1,1,1,28.5504,-81.3838,PrivacySuppressed,33,150,28700,26900,NULL
136330,884900,8849,33401,0,1,1,3,26.7046,-80.0498,37200,138,947,41300,36000,PrivacySuppressed
136358,151200,1512,33461-4796,0,1,1,2,26.6132,-80.0871,30700,613,3269,32100,28700,PrivacySuppressed
136400,1065200,10652,34654-5199,0,1,1,2,28.2751,-82.6467,26300,554,1917,29300,26100,PrivacySuppressed
136473,151300,1513,32504-8998,0,1,1,2,30.4808,-87.2006,28400,612,2511,27800,24600,PrivacySuppressed
136491,560500,5605,33760-2140,0,1,1,1,27.9119,-82.7191,25400,65,185,25900,24700,NULL
136516,151400,1514,33881-4299,0,1,1,2,28.0308,-81.7129,28000,199,1263,30200,26600,PrivacySuppressed
136659,2554200,25542,32570-8188,0,1,1,1,30.6468,-87.1006,PrivacySuppressed,33,65,22900,21900,NULL
136701,822300,8223,33436-4899,0,1,1,4,26.5158,-80.1257,NULL,NULL,NULL,NULL,NULL,NULL
136765,2511700,25117,33881-9518,0,1,1,1,28.0766,-81.6545,PrivacySuppressed,34,92,20900,20800,NULL
136774,1257400,12574,34234-5895,0,1,1,3,27.3596,-82.5486,36700,64,374,37400,30900,PrivacySuppressed
136783,910400,9104,32256,0,1,1,1,30.3112,-81.6929,PrivacySuppressed,28,103,22000,19900,NULL
136826,2524200,25242,33177,0,1,1,1,25.5991,-80.3904,25600,89,329,28400,25000,0
136950,151500,1515,32789-4499,0,1,1,3,28.592,-81.3487,37900,70,573,45600,40600,PrivacySuppressed
137023,1254400,12544,32084-1919,0,1,1,1,29.9244,-81.3458,24300,58,233,24200,22300,0
137032,152600,1526,33574-6665,0,1,1,3,28.3368,-82.2573,49400,543,3365,46100,41100,PrivacySuppressed
137078,152800,1528,33760-2822,0,1,1,2,27.901,-82.7174,29900,1098,4659,32700,29100,0.034912718
137087,2115300,21153,33711-2209,0,1,1,1,27.7612,-82.6815,24100,75,184,26900,22700,NULL
137096,151900,1519,32606-6210,0,1,1,2,29.6807,-82.434,30100,609,3332,33200,29900,0.059895833
137120,560700,5607,34233-1798,0,1,1,1,27.2855,-82.5008,PrivacySuppressed,30,102,27000,21600,0
137148,2179918,21799,34235,0,0,28,3,27.3514,-82.4654,41900,205,1279,41400,36700,PrivacySuppressed
137209,152000,1520,32773-6199,0,1,1,1,28.7448,-81.3056,29700,561,2900,31700,29200,PrivacySuppressed
137245,990200,9902,33021,0,1,1,1,26.0317,-80.198,26800,77,397,28100,24800,0
137272,807500,8075,33165-3244,0,1,1,3,25.7426,-80.3374,PrivacySuppressed,PrivacySuppressed,PrivacySuppressed,PrivacySuppressed,PrivacySuppressed,NULL
137281,152300,1523,32177,0,1,1,2,29.6472,-81.6811,32200,254,1179,29700,26800,PrivacySuppressed
137315,152200,1522,33825-9356,0,1,1,2,27.5696,-81.5084,27800,185,696,28700,24200,PrivacySuppressed
137351,153700,1537,33620-9951,0,1,3,3,28.0566,-82.4159,37500,978,8367,40600,37900,PrivacySuppressed
137476,146800,1468,33054-6459,0,1,1,3,25.9209,-80.2563,64100,79,528,53300,41600,PrivacySuppressed
137537,841700,8417,32207,0,1,1,1,30.2896,-81.6351,PrivacySuppressed,121,491,28400,27400,0
137546,153100,1531,32723,0,1,1,3,29.0363,-81.3016,37100,68,597,40300,36500,PrivacySuppressed
137564,152100,1521,33801-6034,0,1,1,3,28.0319,-81.919,31300,92,781,31200,28300,PrivacySuppressed
137591,3018500,30185,34652,0,1,1,1,28.2611,-82.7285,PrivacySuppressed,62,127,19500,15200,PrivacySuppressed
137713,752500,7525,32064,0,1,1,1,30.2821,-82.9926,PrivacySuppressed,25,114,25100,21700,NULL
137759,153300,1533,32304-2895,0,1,1,2,30.4452,-84.3415,26300,552,3115,30300,27300,PrivacySuppressed
137777,2508900,25089,33140-3854,0,1,1,3,25.7949,-80.1413,PrivacySuppressed,23,57,43000,28500,PrivacySuppressed
137801,153400,1534,33614,0,1,3,1,27.9966,-82.4976,29800,804,2663,27600,24300,0.054298643
137810,2599800,25998,33770-2556,0,1,3,1,27.9153,-82.7759,25900,644,2064,25600,23000,PrivacySuppressed
137847,153800,1538,33606-1490,0,1,1,3,27.9472,-82.4656,38500,159,1426,44000,40200,0.063909774
137856,3100800,31008,32348,1,1,1,1,30.078,-83.5658,PrivacySuppressed,25,78,22100,18300,NULL
137865,1082600,10826,32405,0,1,1,1,30.2034,-85.6466,PrivacySuppressed,44,150,23900,22400,0
137953,3101900,31019,32221,0,1,1,3,30.3238,-81.7057,30900,25,130,28800,26400,PrivacySuppressed
137962,3028200,30282,34655-4401,0,1,1,3,28.1942,-82.6771,PrivacySuppressed,15,81,27300,23500,PrivacySuppressed
138132,2148200,21482,34231-4813,0,1,1,1,27.2589,-82.5174,PrivacySuppressed,12,22,PrivacySuppressed,PrivacySuppressed,0
138187,675000,6750,32801,0,1,1,2,28.5226,-81.4642,29100,1120,6331,31400,28200,0.051315789
138275,884800,8848,33859-8797,0,1,1,3,27.8258,-81.6,39100,42,428,40900,37000,PrivacySuppressed
138284,752600,7526,32428-1618,0,1,1,1,30.7745,-85.5533,21400,80,218,25400,24000,NULL
138293,154000,1540,33827-0096,0,1,2,3,27.8388,-81.5323,31800,50,339,31200,31100,PrivacySuppressed
138309,869410,8694,34474-6226,0,0,23,2,29.1408,-82.1984,36500,128,1023,30500,29700,0.139465875
13830901,869411,8694,346545559,0,0,23,0,NULL,NULL,36500,128,1023,30500,29700,0.139465875
13830902,869413,8694,339057805,0,0,23,0,NULL,NULL,36500,128,1023,30500,29700,0.139465875
13830903,869420,8694,336109558,0,0,23,0,NULL,NULL,36500,128,1023,30500,29700,0.139465875
13830904,869422,8694,346389558,0,0,23,0,NULL,NULL,NULL,NULL,NULL,NULL,NULL,NULL
138354,395500,3955,32514-5750,0,1,1,3,30.5429,-87.2181,36300,319,2217,36200,33400,PrivacySuppressed
138372,2321200,23212,34787-3733,0,1,1,1,28.5596,-81.5715,PrivacySuppressed,56,161,22000,19400,NULL
138479,3003600,30036,33317,0,1,1,1,26.085,-80.2322,28700,30,137,32500,28200,NULL
138488,2504600,25046,32789,0,1,1,1,28.6044,-81.3617,PrivacySuppressed,54,162,23800,23800,NULL
138497,2300900,23009,34450-4696,0,1,1,1,28.8349,-82.3456,25100,50,151,25500,21600,NULL
138558,154100,1541,31793-2601,0,1,1,2,31.4819,-83.5283,30000,167,1299,32100,29200,0.079207921
138600,154200,1542,30030-3797,0,1,1,3,33.77,-84.2956,PrivacySuppressed,31,210,37900,36300,PrivacySuppressed
138655,2284300,22843,30341,0,1,4,1,33.8895,-84.302,25000,652,1976,24000,19800,0
138664,2284308,22843,30260,0,0,4,1,33.5723,-84.3361,25000,652,1976,24000,19800,0
138682,560100,5601,31701,0,1,1,1,31.5543,-84.1743,27300,281,905,23800,20100,0
138691,154300,1543,31707-3098,0,1,1,2,31.5836,-84.2121,30900,209,1266,32400,28300,0.090909091
138716,154400,1544,31705,0,1,1,3,31.5714,-84.1431,24100,106,783,30700,27900,PrivacySuppressed
138761,154500,1545,39840-5550,0,1,1,2,31.7723,-84.795,23000,28,232,26900,24500,PrivacySuppressed
138789,154600,1546,31419-1997,0,1,1,3,31.9781,-81.1604,38500,252,1711,39200,36300,PrivacySuppressed
138813,927000,9270,30328-1635,0,1,6,3,33.9374,-84.3549,26700,403,2213,30900,26300,PrivacySuppressed
138822,3005400,30054,30094,0,1,1,1,33.6415,-84.0131,25500,101,302,19500,14400,0
138840,854300,8543,30310-4446,0,1,1,1,33.712,-84.405,26100,289,1012,22300,18700,0
138868,154700,1547,31833,0,1,1,3,33.6854,-84.4748,27100,18,147,29400,27800,PrivacySuppressed
138901,1216500,12165,30310-4498,0,1,1,2,33.7089,-84.4047,23000,95,576,26500,22500,PrivacySuppressed
138929,3173300,31733,30309,0,1,2,4,33.7934,-84.3878,NULL,NULL,NULL,NULL,NULL,NULL
138938,2580200,25802,30338,0,1,1,1,33.9278,-84.2984,31300,69,267,28600,22700,0
138947,155900,1559,30314-4391,0,1,1,3,33.7488,-84.4128,25400,166,1323,32700,29800,0.109452736
138956,559900,5599,30906,0,1,1,1,33.419,-82.0484,28700,339,1375,25400,22100,NULL
